lambda_um,ref,tran,emit,abs_silicon,emit_atm,ref_norm,emit_norm,abs_silicon_norm
0.31,0.20073,-2.7755576e-17,0.79927,0.69452,1,0.20073,0.79927,0.69452
0.32970971,0.21021569,-2.7755576e-17,0.78978431,0.70296032,1,0.21021569,0.78978431,0.70296032
0.34941942,0.25102364,-5.5511151e-17,0.74897636,0.67528766,1,0.25102364,0.74897636,0.67528766
0.36912913,0.33405327,0,0.66594673,0.60902357,1,0.33405327,0.66594673,0.60902357
0.38883884,0.28617407,-5.5511151e-17,0.71382593,0.66573174,1,0.28617407,0.71382593,0.66573174
0.40854855,0.24165621,5.5511151e-17,0.75834379,0.71631206,1,0.24165621,0.75834379,0.71631206
0.42825826,0.23044486,8.3266727e-17,0.76955514,0.73413399,1,0.23044486,0.76955514,0.73413399
0.44796797,0.21189171,-5.5511151e-17,0.78810829,0.75621947,1,0.21189171,0.78810829,0.75621947
0.46767768,0.17981049,-5.5511151e-17,0.82018951,0.79055112,1,0.17981049,0.82018951,0.79055112
0.48738739,0.16462432,0,0.83537568,0.80807117,1,0.16462432,0.83537568,0.80807117
0.5070971,0.15121139,-2.7755576e-17,0.84878861,0.82351477,1,0.15121139,0.84878861,0.82351477
0.52680681,0.13645258,5.5511151e-17,0.86354742,0.84007322,1,0.13645258,0.86354742,0.84007322
0.54651652,0.12028465,1.3877788e-17,0.87971535,0.85737363,1,0.12028465,0.87971535,0.85737363
0.56622623,0.10243896,-2.7755576e-17,0.89756104,0.8759999,1,0.10243896,0.89756104,0.8759999
0.58593594,0.091080336,-1.967968e-06,0.90892163,0.88830276,1,0.091080336,0.90892163,0.88830276
0.60564565,0.082679616,2.3063063e-06,0.91731808,0.89762874,1,0.082679616,0.91731808,0.89762874
0.62535536,0.076534793,3.5355355e-06,0.92346167,0.90480124,1,0.076534793,0.92346167,0.90480124
0.64506507,0.066997636,-5.5855856e-07,0.93300292,0.91506994,1,0.066997636,0.93300292,0.91506994
0.66477477,0.055536721,-9.5495495e-07,0.94446423,0.92712658,1,0.055536721,0.94446423,0.92712658
0.68448448,0.049296834,-1.4484484e-06,0.95070461,0.93401915,1,0.049296834,0.95070461,0.93401915
0.70419419,0.046893177,2.8388388e-06,0.95310398,0.93710562,1,0.046893177,0.95310398,0.93710562
0.7239039,0.042049505,-2.6576577e-06,0.95795315,0.94240342,1,0.042049505,0.95795315,0.94240342
0.74361361,0.040420806,4.4544545e-07,0.95957875,0.94452909,1,0.040420806,0.95957875,0.94452909
0.76332332,0.039073913,-4.003003e-06,0.96093009,0.94639653,1,0.039073913,0.96093009,0.94639653
0.78303303,0.037182288,-7.8678679e-07,0.9628185,0.94843712,1,0.037182288,0.9628185,0.94843712
0.80274274,0.034747281,-1.7257257e-06,0.96525444,0.9514893,1,0.034747281,0.96525444,0.9514893
0.82245245,0.033350032,-3.2452452e-06,0.96665321,0.95327226,1,0.033350032,0.96665321,0.95327226
0.84216216,0.033264189,2.5675676e-06,0.96673324,0.95372,1,0.033264189,0.96673324,0.95372
0.86187187,0.034538448,1.2512513e-06,0.9654603,0.95279335,1,0.034538448,0.9654603,0.95279335
0.88158158,0.035890139,-4.6836837e-06,0.96411454,0.95182459,1,0.035890139,0.96411454,0.95182459
0.90129129,0.036782123,1.2912913e-07,0.96321775,0.95121291,1,0.036782123,0.96321775,0.95121291
0.921001,0.034929864,3.1991992e-06,0.96506694,0.9529639,1,0.034929864,0.96506694,0.9529639
0.94071071,0.034842505,4.5025025e-06,0.96515299,0.95207268,1,0.034842505,0.96515299,0.95207268
0.96042042,0.035325204,4.9159159e-06,0.96466988,0.94838661,1,0.035325204,0.96466988,0.94838661
0.98013013,0.040951864,2.960961e-06,0.95904518,0.9349471,1,0.040951864,0.95904518,0.9349471
0.99983984,0.056888033,-4.9199199e-06,0.94311689,0.90478222,1,0.056888033,0.94311689,0.90478222
1.0195495,0.10705554,-2.2522523e-07,0.89294468,0.83240009,1,0.10705554,0.89294468,0.83240009
1.0392593,0.20276852,0,0.79723148,0.70471407,1,0.20276852,0.79723148,0.70471407
1.058969,0.36494015,5.5511151e-17,0.63505985,0.50687191,1,0.36494015,0.63505985,0.50687191
1.0786787,0.50135492,1.110223e-16,0.49864508,0.3457682,1,0.50135492,0.49864508,0.3457682
1.0983884,0.60394968,0,0.39605032,0.22864725,1,0.60394968,0.39605032,0.22864725
1.1180981,0.70085683,0,0.29914317,0.13365171,1,0.70085683,0.29914317,0.13365171
1.1378078,0.73624264,1.110223e-16,0.26375736,0.078915459,1,0.73624264,0.26375736,0.078915459
1.1575175,0.79009238,0,0.20990762,0.03240113,1,0.79009238,0.20990762,0.03240113
1.1772272,0.81452867,-1.110223e-16,0.18547133,0.0074034581,1,0.81452867,0.18547133,0.0074034581
1.1969369,0.82520225,0,0.17479775,0.0013543297,1,0.82520225,0.17479775,0.0013543297
1.2166466,0.83331528,0,0.16668472,0.00047722974,1,0.83331528,0.16668472,0.00047722974
1.2363564,0.8398102,0,0.1601898,0.00014570115,1,0.8398102,0.1601898,0.00014570115
1.2560661,0.85057634,0,0.14942366,2.7227231e-05,1,0.85057634,0.14942366,2.7227231e-05
1.2757758,0.85611124,0,0.14388876,7.0128438e-06,1,0.85611124,0.14388876,7.0128438e-06
1.2954855,0.85647655,-1.110223e-16,0.14352345,2.4965166e-06,1,0.85647655,0.14352345,2.4965166e-06
1.3151952,0.86368279,1.110223e-16,0.13631721,8.3364171e-07,1,0.86368279,0.13631721,8.3364171e-07
1.3349049,0.8653422,0,0.1346578,2.0764281e-07,1,0.8653422,0.1346578,2.0764281e-07
1.3546146,0.86904637,-1.110223e-16,0.13095363,5.5782604e-08,1,0.86904637,0.13095363,5.5782604e-08
1.3743243,0.88289649,0,0.11710351,1.9890541e-08,1,0.88289649,0.11710351,1.9890541e-08
1.394034,0.89097417,0,0.10902583,8.2823769e-09,1,0.89097417,0.10902583,8.2823769e-09
1.4137437,0.88963231,0,0.11036769,3.1069104e-09,1,0.88963231,0.11036769,3.1069104e-09
1.4334535,0.88544375,-1.110223e-16,0.11455625,1.0800092e-09,1,0.88544375,0.11455625,1.0800092e-09
1.4531632,0.84403039,0,0.15596961,0.011693041,1,0.84403039,0.15596961,0.011693041
1.4728729,0.84922479,0,0.15077521,0.01124244,1,0.84922479,0.15077521,0.01124244
1.4925826,0.85939144,0,0.14060856,0.010605856,1,0.85939144,0.14060856,0.010605856
1.5122923,0.86065193,0,0.13934807,0.010359174,1,0.86065193,0.13934807,0.010359174
1.532002,0.86568895,1.110223e-16,0.13431105,0.010011345,1,0.86568895,0.13431105,0.010011345
1.5517117,0.87200973,0,0.12799027,0.0093504252,1,0.87200973,0.12799027,0.0093504252
1.5714214,0.87744246,-1.110223e-16,0.12255754,0.0093080027,1,0.87744246,0.12255754,0.0093080027
1.5911311,0.86823826,0,0.13176174,0.010020568,1,0.86823826,0.13176174,0.010020568
1.6108408,0.87511946,1.110223e-16,0.12488054,0.0094367727,1,0.87511946,0.12488054,0.0094367727
1.6305506,0.87279452,0,0.12720548,0.0096280665,1,0.87279452,0.12720548,0.0096280665
1.6502603,0.87860753,0,0.12139247,0.009122595,1,0.87860753,0.12139247,0.009122595
1.66997,0.88154553,0,0.11845447,0.0089053393,1,0.88154553,0.11845447,0.0089053393
1.6896797,0.87140949,0,0.12859051,0.0095935042,1,0.87140949,0.12859051,0.0095935042
1.7093894,0.88562495,0,0.11437505,0.0085566509,1,0.88562495,0.11437505,0.0085566509
1.7290991,0.89148162,-1.110223e-16,0.10851838,0.0080782162,1,0.89148162,0.10851838,0.0080782162
1.7488088,0.89316369,0,0.10683631,0.0079282508,1,0.89316369,0.10683631,0.0079282508
1.7685185,0.88744333,0,0.11255667,0.0083773704,1,0.88744333,0.11255667,0.0083773704
1.7882282,0.89598673,0,0.10401327,0.0076712835,1,0.89598673,0.10401327,0.0076712835
1.8079379,0.89588949,1.110223e-16,0.10411051,0.0076609517,1,0.89588949,0.10411051,0.0076609517
1.8276476,0.89772295,7.6476476e-07,0.10227628,0.0075171731,1,0.89772295,0.10227628,0.0075171731
1.8473574,0.89857447,0,0.10142553,0.007447888,1,0.89857447,0.10142553,0.007447888
1.8670671,0.90123717,-2.8268268e-06,0.09876566,0.0072137641,1,0.90123717,0.09876566,0.0072137641
1.8867768,0.90381182,-3.033033e-06,0.096191211,0.0069788364,1,0.90381182,0.096191211,0.0069788364
1.9064865,0.90436243,-2.9459459e-06,0.095640514,0.0069356216,1,0.90436243,0.095640514,0.0069356216
1.9261962,0.89947071,-3.8038038e-07,0.10052967,0.0072893219,1,0.89947071,0.10052967,0.0072893219
1.9459059,0.8925616,-1.110223e-16,0.1074384,0.00783231,1,0.8925616,0.1074384,0.00783231
1.9656156,0.89941724,-4.3843844e-07,0.1005832,0.0072482108,1,0.89941724,0.1005832,0.0072482108
1.9853253,0.90023424,0,0.099765756,0.0070987976,1,0.90023424,0.099765756,0.0070987976
2.005035,0.43438798,0,0.56561202,0.0042019687,1,0.43438798,0.56561202,0.0042019687
2.0247447,0.42174802,5.5511151e-17,0.57825198,0.0043169384,1,0.42174802,0.57825198,0.0043169384
2.0444545,0.37162857,0,0.62837143,0.004597572,1,0.37162857,0.62837143,0.004597572
2.0641642,0.35652268,0,0.64347732,0.0048199094,1,0.35652268,0.64347732,0.0048199094
2.0838739,0.33978883,0,0.66021117,0.004797118,1,0.33978883,0.66021117,0.004797118
2.1035836,0.34338405,0,0.65661595,0.0047424858,1,0.34338405,0.65661595,0.0047424858
2.1232933,0.34321311,0,0.65678689,0.0048476857,1,0.34321311,0.65678689,0.0048476857
2.143003,0.33630655,0,0.66369345,0.0048606778,1,0.33630655,0.66369345,0.0048606778
2.1627127,0.34210877,-5.5511151e-17,0.65789123,0.0046906466,1,0.34210877,0.65789123,0.0046906466
2.1824224,0.36245541,1.110223e-16,0.63754459,0.0046627097,1,0.36245541,0.63754459,0.0046627097
2.2021321,0.37710282,5.5511151e-17,0.62289718,0.0046252117,1,0.37710282,0.62289718,0.0046252117
2.2218418,0.38257286,5.5511151e-17,0.61742714,0.0049765865,1,0.38257286,0.61742714,0.0049765865
2.2415516,0.41633557,1.110223e-16,0.58366443,0.0051993427,1,0.41633557,0.58366443,0.0051993427
2.2612613,0.43782495,0,0.56217505,0.0059146387,1,0.43782495,0.56217505,0.0059146387
2.280971,0.50542068,0,0.49457932,0.0058854031,1,0.50542068,0.49457932,0.0058854031
2.3006807,0.5592404,0,0.4407596,0.0056290805,1,0.5592404,0.4407596,0.0056290805
2.3203904,0.61736,-1.110223e-16,0.38264,0.0059733087,1,0.61736,0.38264,0.0059733087
2.3401001,0.66525645,0,0.33474355,0.0064962568,1,0.66525645,0.33474355,0.0064962568
2.3598098,0.7409255,0,0.2590745,0.0064732323,1,0.7409255,0.2590745,0.0064732323
2.3795195,0.73805345,0,0.26194655,0.010590464,1,0.73805345,0.26194655,0.010590464
2.3992292,0.88968096,0,0.11031904,0.0079796512,1,0.88968096,0.11031904,0.0079796512
2.4189389,0.88698603,0,0.11301397,0.0085740071,1,0.88698603,0.11301397,0.0085740071
2.4386486,0.87749865,0,0.12250135,0.0092361676,1,0.87749865,0.12250135,0.0092361676
2.4583584,0.86928943,0,0.13071057,0.010060358,1,0.86928943,0.13071057,0.010060358
2.4780681,0.8925826,-1.110223e-16,0.1074174,0.0080955843,1,0.8925826,0.1074174,0.0080955843
2.4977778,0.87460333,-1.110223e-16,0.12539667,0.0095133444,1,0.87460333,0.12539667,0.0095133444
2.5174875,0.8756175,0,0.1243825,0.0089290013,1,0.8756175,0.1243825,0.0089290013
2.5371972,0.88751119,-2.8788789e-06,0.11249169,0.0074216057,1,0.88751119,0.11249169,0.0074216057
2.5569069,0.89529661,0,0.10470339,0.0062318859,1,0.89529661,0.10470339,0.0062318859
2.5766166,0.88568216,0,0.11431784,0.0062681649,1,0.88568216,0.11431784,0.0062681649
2.5963263,0.8808503,0,0.1191497,0.0059702723,1,0.8808503,0.1191497,0.0059702723
2.616036,0.76790532,0,0.23209468,0.0036667739,1,0.76790532,0.23209468,0.0036667739
2.6357457,0.65904427,0,0.34095573,0.0024539058,1,0.65904427,0.34095573,0.0024539058
2.6554555,0.57146958,0,0.42853042,0.001885819,1,0.57146958,0.42853042,0.001885819
2.6751652,0.51465354,0,0.48534646,0.0014297523,1,0.51465354,0.48534646,0.0014297523
2.6948749,0.4565657,5.5511151e-17,0.5434343,0.0010421826,1,0.4565657,0.5434343,0.0010421826
2.7145846,0.40992467,-1.110223e-16,0.59007533,0.00076159215,1,0.40992467,0.59007533,0.00076159215
2.7342943,0.37405559,-5.5511151e-17,0.62594441,0.00067799024,1,0.37405559,0.62594441,0.00067799024
2.754004,0.33841886,-5.5511151e-17,0.66158114,0.0006454015,1,0.33841886,0.66158114,0.0006454015
2.7737137,0.30942417,-5.5511151e-17,0.69057583,0.00061061062,1,0.30942417,0.69057583,0.00061061062
2.7934234,0.28159216,0,0.71840784,0.00058445595,1,0.28159216,0.71840784,0.00058445595
2.8131331,0.29268993,-5.5511151e-17,0.70731007,0.00060242217,1,0.29268993,0.70731007,0.00060242217
2.8328428,0.32739636,-1.110223e-16,0.67260364,0.00065177794,1,0.32739636,0.67260364,0.00065177794
2.8525526,0.36323138,5.5511151e-17,0.63676862,0.00069206294,1,0.36323138,0.63676862,0.00069206294
2.8722623,0.40281158,-5.5511151e-17,0.59718842,0.00075874801,1,0.40281158,0.59718842,0.00075874801
2.891972,0.4530424,0,0.5469576,0.0008106869,1,0.4530424,0.5469576,0.0008106869
2.9116817,0.50225763,0,0.49774237,0.00085883853,1,0.50225763,0.49774237,0.00085883853
2.9313914,0.55652253,0,0.44347747,0.00093368941,1,0.55652253,0.44347747,0.00093368941
2.9511011,0.61777167,0,0.38222833,0.0010330663,1,0.61777167,0.38222833,0.0010330663
2.9708108,0.68604568,0,0.31395432,0.001108227,1,0.68604568,0.31395432,0.001108227
2.9905205,0.77027786,1.110223e-16,0.22972214,0.0011582952,1,0.77027786,0.22972214,0.0011582952
3.0102302,0.79483243,0,0.20516757,0.0011923954,1,0.79483243,0.20516757,0.0011923954
3.0299399,0.77283712,0,0.22716288,0.0011716243,1,0.77283712,0.22716288,0.0011716243
3.0496496,0.75806315,0,0.24193685,0.0011634809,1,0.75806315,0.24193685,0.0011634809
3.0693594,0.74593318,1.110223e-16,0.25406682,0.0011432231,1,0.74593318,0.25406682,0.0011432231
3.0890691,0.74160378,0,0.25839622,0.0011450126,1,0.74160378,0.25839622,0.0011450126
3.1087788,0.72413687,-1.110223e-16,0.27586313,0.0011373634,1,0.72413687,0.27586313,0.0011373634
3.1284885,0.70484944,1.110223e-16,0.29515056,0.0011387371,1,0.70484944,0.29515056,0.0011387371
3.1481982,0.68625423,-1.110223e-16,0.31374577,0.0011374099,1,0.68625423,0.31374577,0.0011374099
3.1679079,0.66699678,-1.110223e-16,0.33300322,0.0011303703,1,0.66699678,0.33300322,0.0011303703
3.1876176,0.64981123,-1.110223e-16,0.35018877,0.0011318515,1,0.64981123,0.35018877,0.0011318515
3.2073273,0.51425384,0,0.48574616,0.0010059967,1,0.51425384,0.48574616,0.0010059967
3.227037,0.28433926,5.5511151e-17,0.71566074,0.00074263778,1,0.28433926,0.71566074,0.00074263778
3.2467467,0.16492363,0,0.83507637,0.00054667796,1,0.16492363,0.83507637,0.00054667796
3.2664565,0.1000398,-6.4564565e-07,0.89996084,0.00040841405,1,0.1000398,0.89996084,0.00040841405
3.2861662,0.0655366,6.7067067e-08,0.93446333,0.00030678893,1,0.0655366,0.93446333,0.00030678893
3.3058759,0.046470614,-1.1311311e-07,0.9535295,0.000229503,1,0.046470614,0.9535295,0.000229503
3.3255856,0.035689568,-5.5855856e-07,0.96431099,0.00017337793,1,0.035689568,0.96431099,0.00017337793
3.3452953,0.029495608,5.8858859e-07,0.9705038,0.0001314602,1,0.029495608,0.9705038,0.0001314602
3.365005,0.025913312,1.002002e-06,0.97408569,9.9471782e-05,1,0.025913312,0.97408569,9.9471782e-05
3.3847147,0.023666105,-1e-06,0.97633489,7.624661e-05,1,0.023666105,0.97633489,7.624661e-05
3.4044244,0.022626977,3.469447e-17,0.97737302,6.6579111e-05,1,0.022626977,0.97737302,6.6579111e-05
3.4241341,0.023718508,-1.2402402e-06,0.97628273,9.2302545e-05,1,0.023718508,0.97628273,9.2302545e-05
3.4438438,0.026086922,1.1561562e-06,0.97391192,0.00012707991,1,0.026086922,0.97391192,0.00012707991
3.4635536,0.030785413,1.2232232e-06,0.96921336,0.00017435182,1,0.030785413,0.96921336,0.00017435182
3.4832633,0.039611573,3.6526527e-06,0.96038477,0.00023882104,1,0.039611573,0.96038477,0.00023882104
3.502973,0.055882757,-2.2162162e-06,0.94411946,0.0003265927,1,0.055882757,0.94411946,0.0003265927
3.5226827,0.085359978,1.4634635e-06,0.91463856,0.00044410762,1,0.085359978,0.91463856,0.00044410762
3.5423924,0.13836899,0,0.86163101,0.0006119452,1,0.13836899,0.86163101,0.0006119452
3.5621021,0.23401838,-2.7755576e-17,0.76598162,0.00082251225,1,0.23401838,0.76598162,0.00082251225
3.5818118,0.40208444,5.5511151e-17,0.59791556,0.0011131349,1,0.40208444,0.59791556,0.0011131349
3.6015215,0.66847478,-1.110223e-16,0.33152522,0.0014745125,1,0.66847478,0.33152522,0.0014745125
3.6212312,0.66957913,-1.110223e-16,0.33042087,0.0015053892,1,0.66957913,0.33042087,0.0015053892
3.6409409,0.67058585,-1.110223e-16,0.32941415,0.0015130705,1,0.67058585,0.32941415,0.0015130705
3.6606507,0.67195825,0,0.32804175,0.0015308942,1,0.67195825,0.32804175,0.0015308942
3.6803604,0.67313441,0,0.32686559,0.0015583595,1,0.67313441,0.32686559,0.0015583595
3.7000701,0.67410275,0,0.32589725,0.0015791383,1,0.67410275,0.32589725,0.0015791383
3.7197798,0.6758611,0,0.3241389,0.0015867322,1,0.6758611,0.3241389,0.0015867322
3.7394895,0.67740354,0,0.32259646,0.0016112511,1,0.67740354,0.32259646,0.0016112511
3.7591992,0.6786983,0,0.3213017,0.0016206756,1,0.6786983,0.3213017,0.0016206756
3.7789089,0.67909255,-1.110223e-16,0.32090745,0.0016527723,1,0.67909255,0.32090745,0.0016527723
3.7986186,0.68066982,-1.110223e-16,0.31933018,0.001675464,1,0.68066982,0.31933018,0.001675464
3.8183283,0.68152331,1.110223e-16,0.31847669,0.0016903441,1,0.68152331,0.31847669,0.0016903441
3.838038,0.68297969,-1.110223e-16,0.31702031,0.0017142127,1,0.68297969,0.31702031,0.0017142127
3.8577477,0.68455505,0,0.31544495,0.001721818,1,0.68455505,0.31544495,0.001721818
3.8774575,0.68522152,0,0.31477848,0.001744637,1,0.68522152,0.31477848,0.001744637
3.8971672,0.68610368,0,0.31389632,0.001768804,1,0.68610368,0.31389632,0.001768804
3.9168769,0.68727255,0,0.31272745,0.0017857673,1,0.68727255,0.31272745,0.0017857673
3.9365866,0.68850279,0,0.31149721,0.0018023019,1,0.68850279,0.31149721,0.0018023019
3.9562963,0.6897363,0,0.3102637,0.0018258481,1,0.6897363,0.3102637,0.0018258481
3.976006,0.69091646,1.110223e-16,0.30908354,0.0018408805,1,0.69091646,0.30908354,0.0018408805
3.9957157,0.69247293,0,0.30752707,0.0018603746,1,0.69247293,0.30752707,0.0018603746
4.0154254,0.69335393,0,0.30664607,0.001877551,1,0.69335393,0.30664607,0.001877551
4.0351351,0.69441676,0,0.30558324,0.0019048568,1,0.69441676,0.30558324,0.0019048568
4.0548448,0.6954269,0,0.3045731,0.001937325,1,0.6954269,0.3045731,0.001937325
4.0745546,0.69669238,-1.110223e-16,0.30330762,0.0019532853,1,0.69669238,0.30330762,0.0019532853
4.0942643,0.6974976,0,0.3025024,0.0019819291,1,0.6974976,0.3025024,0.0019819291
4.113974,0.69844384,0,0.30155616,0.0020149427,1,0.69844384,0.30155616,0.0020149427
4.1336837,0.69961633,0,0.30038367,0.0020368358,1,0.69961633,0.30038367,0.0020368358
4.1533934,0.70079625,0,0.29920375,0.0020560961,1,0.70079625,0.29920375,0.0020560961
4.1731031,0.70169412,0,0.29830588,0.002092424,1,0.70169412,0.29830588,0.002092424
4.1928128,0.70272532,-1.110223e-16,0.29727468,0.0021221098,1,0.70272532,0.29727468,0.0021221098
4.2125225,0.70384721,1.110223e-16,0.29615279,0.0021400838,1,0.70384721,0.29615279,0.0021400838
4.2322322,0.70495795,0,0.29504205,0.0021595189,1,0.70495795,0.29504205,0.0021595189
4.2519419,0.70565138,0,0.29434862,0.0021945455,1,0.70565138,0.29434862,0.0021945455
4.2716517,0.70645553,1.110223e-16,0.29354447,0.0022274562,1,0.70645553,0.29354447,0.0022274562
4.2913614,0.70813047,0,0.29186953,0.0022359296,1,0.70813047,0.29186953,0.0022359296
4.3110711,0.70839925,0,0.29160075,0.0022856392,1,0.70839925,0.29160075,0.0022856392
4.3307808,0.7100203,0,0.2899797,0.002291279,1,0.7100203,0.2899797,0.002291279
4.3504905,0.71064649,-1.110223e-16,0.28935351,0.0023262172,1,0.71064649,0.28935351,0.0023262172
4.3702002,0.71164681,0,0.28835319,0.0023616343,1,0.71164681,0.28835319,0.0023616343
4.3899099,0.71233676,0,0.28766324,0.0023928649,1,0.71233676,0.28766324,0.0023928649
4.4096196,0.71348528,0,0.28651472,0.0024148272,1,0.71348528,0.28651472,0.0024148272
4.4293293,0.71480641,0,0.28519359,0.0024292574,1,0.71480641,0.28519359,0.0024292574
4.449039,0.71578964,1.110223e-16,0.28421036,0.00244847,1,0.71578964,0.28421036,0.00244847
4.4687487,0.71627247,0,0.28372753,0.0024943093,1,0.71627247,0.28372753,0.0024943093
4.4884585,0.71736363,-1.110223e-16,0.28263637,0.0025071237,1,0.71736363,0.28263637,0.0025071237
4.5081682,0.71796435,0,0.28203565,0.002547803,1,0.71796435,0.28203565,0.002547803
4.5278779,0.71908904,0,0.28091096,0.002560257,1,0.71908904,0.28091096,0.002560257
4.5475876,0.72016494,1.110223e-16,0.27983506,0.0025825435,1,0.72016494,0.27983506,0.0025825435
4.5672973,0.72088135,0,0.27911865,0.0026211703,1,0.72088135,0.27911865,0.0026211703
4.587007,0.7220194,-1.110223e-16,0.2779806,0.0026482771,1,0.7220194,0.2779806,0.0026482771
4.6067167,0.72280927,0,0.27719073,0.0026726972,1,0.72280927,0.27719073,0.0026726972
4.6264264,0.72365985,0,0.27634015,0.0026949589,1,0.72365985,0.27634015,0.0026949589
4.6461361,0.72441475,0,0.27558525,0.0027275592,1,0.72441475,0.27558525,0.0027275592
4.6658458,0.72535415,0,0.27464585,0.0027612511,1,0.72535415,0.27464585,0.0027612511
4.6855556,0.72623333,0,0.27376667,0.0027794889,1,0.72623333,0.27376667,0.0027794889
4.7052653,0.72708216,0,0.27291784,0.0028119844,1,0.72708216,0.27291784,0.0028119844
4.724975,0.7279085,0,0.2720915,0.0028404945,1,0.7279085,0.2720915,0.0028404945
4.7446847,0.72896297,0,0.27103703,0.0028563495,1,0.72896297,0.27103703,0.0028563495
4.7643944,0.72950623,0,0.27049377,0.0028949978,1,0.72950623,0.27049377,0.0028949978
4.7841041,0.73031723,-1.110223e-16,0.26968277,0.0029341411,1,0.73031723,0.26968277,0.0029341411
4.8038138,0.73105637,0,0.26894363,0.0029612105,1,0.73105637,0.26894363,0.0029612105
4.8235235,0.73190628,0,0.26809372,0.0029896051,1,0.73190628,0.26809372,0.0029896051
4.8432332,0.73277286,0,0.26722714,0.0030168709,1,0.73277286,0.26722714,0.0030168709
4.8629429,0.73369186,0,0.26630814,0.0030398883,1,0.73369186,0.26630814,0.0030398883
4.8826527,0.7347055,0,0.2652945,0.0030469177,1,0.7347055,0.2652945,0.0030469177
4.9023624,0.73517812,-1.110223e-16,0.26482188,0.0030978483,1,0.73517812,0.26482188,0.0030978483
4.9220721,0.73604676,1.110223e-16,0.26395324,0.003120318,1,0.73604676,0.26395324,0.003120318
4.9417818,0.73684771,0,0.26315229,0.0031469108,1,0.73684771,0.26315229,0.0031469108
4.9614915,0.73764396,0,0.26235604,0.0031794166,1,0.73764396,0.26235604,0.0031794166
4.9812012,0.73818288,0,0.26181712,0.0032152081,1,0.73818288,0.26181712,0.0032152081
5.0009109,0.73934352,1.110223e-16,0.26065648,0.0032171084,1,0.73934352,0.26065648,0.0032171084
5.0206206,0.74006884,-1.110223e-16,0.25993116,0.0032584002,1,0.74006884,0.25993116,0.0032584002
5.0403303,0.74079416,0,0.25920584,0.003299692,1,0.74079416,0.25920584,0.003299692
5.06004,0.74151947,0,0.25848053,0.0033409839,1,0.74151947,0.25848053,0.0033409839
5.0797497,0.74224479,-1.110223e-16,0.25775521,0.0033822757,1,0.74224479,0.25775521,0.0033822757
5.0994595,0.74297011,0,0.25702989,0.0034235676,1,0.74297011,0.25702989,0.0034235676
5.1191692,0.74364175,0,0.25635825,0.0034596837,1,0.74364175,0.25635825,0.0034596837
5.1388789,0.74431188,0,0.25568812,0.003495654,1,0.74431188,0.25568812,0.003495654
5.1585886,0.74498201,1.110223e-16,0.25501799,0.0035316242,1,0.74498201,0.25501799,0.0035316242
5.1782983,0.74565214,0,0.25434786,0.0035675944,1,0.74565214,0.25434786,0.0035675944
5.198008,0.74632227,0,0.25367773,0.0036035646,1,0.74632227,0.25367773,0.0036035646
5.2177177,0.74495664,0,0.25504336,0.003624652,1,0.74495664,0.25504336,0.003624652
5.2374274,0.74336212,1.110223e-16,0.25663788,0.003644066,1,0.74336212,0.25663788,0.003644066
5.2571371,0.74176761,1.110223e-16,0.25823239,0.0036634801,1,0.74176761,0.25823239,0.0036634801
5.2768468,0.74017309,0,0.25982691,0.0036828941,1,0.74017309,0.25982691,0.0036828941
5.2965566,0.73857857,0,0.26142143,0.0037023082,1,0.73857857,0.26142143,0.0037023082
5.3162663,0.73696291,0,0.26303709,0.0037286192,1,0.73696291,0.26303709,0.0037286192
5.335976,0.73534277,0,0.26465723,0.0037563902,1,0.73534277,0.26465723,0.0037563902
5.3556857,0.73372264,1.110223e-16,0.26627736,0.0037841611,1,0.73372264,0.26627736,0.0037841611
5.3753954,0.7321025,0,0.2678975,0.0038119321,1,0.7321025,0.2678975,0.0038119321
5.3951051,0.73048236,1.110223e-16,0.26951764,0.0038397031,1,0.73048236,0.26951764,0.0038397031
5.4148148,0.68146519,1.110223e-16,0.31853481,0.0037148519,1,0.68146519,0.31853481,0.0037148519
5.4345245,0.61678777,0,0.38321223,0.0035395734,1,0.61678777,0.38321223,0.0035395734
5.4542342,0.55211036,0,0.44788964,0.003364295,1,0.55211036,0.44788964,0.003364295
5.4739439,0.48743295,0,0.51256705,0.0031890165,1,0.48743295,0.51256705,0.0031890165
5.4936537,0.42275554,0,0.57724446,0.0030137381,1,0.42275554,0.57724446,0.0030137381
5.5133634,0.37858688,5.5511151e-17,0.62141312,0.0028700372,1,0.37858688,0.62141312,0.0028700372
5.5330731,0.34415796,-5.5511151e-17,0.65584204,0.0027413328,1,0.34415796,0.65584204,0.0027413328
5.5527828,0.30972904,-5.5511151e-17,0.69027096,0.0026126284,1,0.30972904,0.69027096,0.0026126284
5.5724925,0.27530011,-1.110223e-16,0.72469989,0.002483924,1,0.27530011,0.72469989,0.002483924
5.5922022,0.24087119,-5.5511151e-17,0.75912881,0.0023552196,1,0.24087119,0.75912881,0.0023552196
5.6119119,0.20052426,1.7867868e-07,0.79947557,0.0020299849,1,0.20052426,0.79947557,0.0020299849
5.6316216,0.15630326,4.7432432e-07,0.84369627,0.0015760971,1,0.15630326,0.84369627,0.0015760971
5.6513313,0.11208226,7.6996997e-07,0.88791697,0.0011222093,1,0.11208226,0.88791697,0.0011222093
5.671041,0.067861255,1.0656156e-06,0.93213768,0.00066832151,1,0.067861255,0.93213768,0.00066832151
5.6907508,0.023640254,1.3612613e-06,0.97635838,0.00021443372,1,0.023640254,0.97635838,0.00021443372
5.7104605,0.0030498526,1.2384885e-06,0.99694891,1.2860523e-06,1,0.0030498526,0.99694891,1.2860523e-06
5.7301702,0.0033538749,7.4574575e-07,0.99664538,1.0033308e-06,1,0.0033538749,0.99664538,1.0033308e-06
5.7498799,0.0036578971,2.53003e-07,0.99634185,7.2060924e-07,1,0.0036578971,0.99634185,7.2060924e-07
5.7695896,0.0039619194,-2.3973974e-07,0.99603832,4.3788772e-07,1,0.0039619194,0.99603832,4.3788772e-07
5.7892993,0.0042659417,-7.3248248e-07,0.99573479,1.551662e-07,1,0.0042659417,0.99573479,1.551662e-07
5.809009,0.0043830721,-8.1981982e-07,0.99561775,1.1293615e-07,1,0.0043830721,0.99561775,1.1293615e-07
5.8287187,0.0042782164,-4.2562563e-07,0.99572221,3.563565e-07,1,0.0042782164,0.99572221,3.563565e-07
5.8484284,0.0041733608,-3.1431431e-08,0.99582667,5.9977686e-07,1,0.0041733608,0.99582667,5.9977686e-07
5.8681381,0.0040685051,3.6276276e-07,0.99593113,8.4319721e-07,1,0.0040685051,0.99593113,8.4319721e-07
5.8878478,0.0039636494,7.5695696e-07,0.99603559,1.0866176e-06,1,0.0039636494,0.99603559,1.0866176e-06
5.9075576,0.0063174184,1e-06,0.99368158,7.4954877e-05,1,0.0063174184,0.99368158,7.4954877e-05
5.9272673,0.012624526,1e-06,0.98737447,0.00026720798,1,0.012624526,0.98737447,0.00026720798
5.946977,0.018931633,1e-06,0.98106737,0.00045946108,1,0.018931633,0.98106737,0.00045946108
5.9666867,0.02523874,1e-06,0.97476026,0.00065171418,1,0.02523874,0.97476026,0.00065171418
5.9863964,0.031545847,1e-06,0.96845315,0.00084396728,1,0.031545847,0.96845315,0.00084396728
6.0061061,0.039126016,1.0610611e-06,0.96087292,0.0010212004,1,0.039126016,0.96087292,0.0010212004
6.0258158,0.049542401,1.2581582e-06,0.95045634,0.0011649709,1,0.049542401,0.95045634,0.0011649709
6.0455255,0.059958785,1.4552553e-06,0.94003976,0.0013087414,1,0.059958785,0.94003976,0.0013087414
6.0652352,0.070375169,1.6523524e-06,0.92962318,0.0014525119,1,0.070375169,0.92962318,0.0014525119
6.0849449,0.080791554,1.8494494e-06,0.9192066,0.0015962824,1,0.080791554,0.9192066,0.0015962824
6.1046547,0.094949955,1.9069069e-06,0.90504814,0.0017615835,1,0.094949955,0.90504814,0.0017615835
6.1243644,0.12121157,1.5127127e-06,0.87878692,0.0019965232,1,0.12121157,0.87878692,0.0019965232
6.1440741,0.14747318,1.1185185e-06,0.8525257,0.002231463,1,0.14747318,0.8525257,0.002231463
6.1637838,0.17373479,7.2432432e-07,0.82626449,0.0024664027,1,0.17373479,0.82626449,0.0024664027
6.1834935,0.1999964,3.3013013e-07,0.80000327,0.0027013424,1,0.1999964,0.80000327,0.0027013424
6.2032032,0.22327737,5.5511151e-17,0.77672263,0.0029138117,1,0.22327737,0.77672263,0.0029138117
6.2229129,0.2311987,-2.7755576e-17,0.7688013,0.0030104878,1,0.2311987,0.7688013,0.0030104878
6.2426226,0.23912003,-2.7755576e-17,0.76087997,0.003107164,1,0.23912003,0.76087997,0.003107164
6.2623323,0.24704136,0,0.75295864,0.0032038401,1,0.24704136,0.75295864,0.0032038401
6.282042,0.2549627,-1.110223e-16,0.7450373,0.0033005162,1,0.2549627,0.7450373,0.0033005162
6.3017518,0.26300122,-1.110223e-16,0.73699878,0.0033999829,1,0.26300122,0.73699878,0.0033999829
6.3214615,0.27224113,-5.5511151e-17,0.72775887,0.0035280566,1,0.27224113,0.72775887,0.0035280566
6.3411712,0.28148105,0,0.71851895,0.0036561303,1,0.28148105,0.71851895,0.0036561303
6.3608809,0.29072096,-5.5511151e-17,0.70927904,0.003784204,1,0.29072096,0.70927904,0.003784204
6.3805906,0.29996087,-5.5511151e-17,0.70003913,0.0039122777,1,0.29996087,0.70003913,0.0039122777
6.4003003,0.30918426,0,0.69081574,0.0040402901,1,0.30918426,0.69081574,0.0040402901
6.42001,0.31734014,5.5511151e-17,0.68265986,0.004164343,1,0.31734014,0.68265986,0.004164343
6.4397197,0.32549602,0,0.67450398,0.0042883959,1,0.32549602,0.67450398,0.0042883959
6.4594294,0.3336519,0,0.6663481,0.0044124488,1,0.3336519,0.6663481,0.0044124488
6.4791391,0.34180778,-5.5511151e-17,0.65819222,0.0045365017,1,0.34180778,0.65819222,0.0045365017
6.4988488,0.34996365,0,0.65003635,0.0046605547,1,0.34996365,0.65003635,0.0046605547
6.5185586,0.35854267,-5.5511151e-17,0.64145733,0.0047916969,1,0.35854267,0.64145733,0.0047916969
6.5382683,0.36714793,5.5511151e-17,0.63285207,0.004923279,1,0.36714793,0.63285207,0.004923279
6.557978,0.37575319,-5.5511151e-17,0.62424681,0.005054861,1,0.37575319,0.62424681,0.005054861
6.5776877,0.38435844,5.5511151e-17,0.61564156,0.005186443,1,0.38435844,0.61564156,0.005186443
6.5973974,0.3929637,0,0.6070363,0.005318025,1,0.3929637,0.6070363,0.005318025
6.6171071,0.33509947,-1.7107107e-07,0.6649007,0.0048510123,1,0.33509947,0.6649007,0.0048510123
6.6368168,0.26712285,-3.6816817e-07,0.73287752,0.0042929318,1,0.26712285,0.73287752,0.0042929318
6.6565265,0.19914623,-5.6526527e-07,0.80085434,0.0037348514,1,0.19914623,0.80085434,0.0037348514
6.6762362,0.13116961,-7.6236236e-07,0.86883116,0.003176771,1,0.13116961,0.86883116,0.003176771
6.6959459,0.063192986,-9.5945946e-07,0.93680797,0.0026186905,1,0.063192986,0.93680797,0.0026186905
6.7156557,0.043341225,-5.3033033e-07,0.95665931,0.0023552652,1,0.043341225,0.95665931,0.0023552652
6.7353654,0.035951464,6.0960961e-08,0.96404848,0.0021681412,1,0.035951464,0.96404848,0.0021681412
6.7550751,0.028561702,6.5225225e-07,0.97143765,0.0019810172,1,0.028561702,0.97143765,0.0019810172
6.7747848,0.021171941,1.2435435e-06,0.97882682,0.0017938933,1,0.021171941,0.97882682,0.0017938933
6.7944945,0.013782179,1.8348348e-06,0.98621599,0.0016067693,1,0.013782179,0.98621599,0.0016067693
6.8142042,0.01131372,1.4602402e-06,0.98868482,0.0015111488,1,0.01131372,0.98868482,0.0015111488
6.8339139,0.010752742,7.1127127e-07,0.98924655,0.0014509947,1,0.010752742,0.98924655,0.0014509947
6.8536236,0.010191764,-3.7697698e-08,0.98980827,0.0013908407,1,0.010191764,0.98980827,0.0013908407
6.8733333,0.0096307867,-7.8666667e-07,0.99037,0.0013306867,1,0.0096307867,0.99037,0.0013306867
6.893043,0.0090698089,-1.5356356e-06,0.99093173,0.0012705326,1,0.0090698089,0.99093173,0.0012705326
6.9127528,0.0087814595,-2.004044e-06,0.99122054,0.0011841602,1,0.0087814595,0.99122054,0.0011841602
6.9324625,0.0086418359,-2.3193994e-06,0.99136048,0.001083485,1,0.0086418359,0.99136048,0.001083485
6.9521722,0.0085022123,-2.6347548e-06,0.99150042,0.00098280976,1,0.0085022123,0.99150042,0.00098280976
6.9718819,0.0083625887,-2.9501101e-06,0.99164036,0.00088213454,1,0.0083625887,0.99164036,0.00088213454
6.9915916,0.0082229652,-3.2654655e-06,0.9917803,0.00078145931,1,0.0082229652,0.9917803,0.00078145931
7.0113013,0.0082381468,-3.5582182e-06,0.99176541,0.00072941019,0.999985,0.0082381468,0.99176541,0.00072941019
7.031011,0.0083685068,-3.8341542e-06,0.99163533,0.00071353993,1,0.0083685068,0.99163533,0.00071353993
7.0507207,0.0084988668,-4.1100901e-06,0.99150524,0.00069766968,1,0.0084988668,0.99150524,0.00069766968
7.0704304,0.0086292269,-4.386026e-06,0.99137516,0.00068179942,0.99969123,0.0086292269,0.99137516,0.00068179942
7.0901401,0.0087595869,-4.661962e-06,0.99124508,0.00066592916,0.99881854,0.0087595869,0.99124508,0.00066592916
7.1098498,0.0088882429,-4.2188589e-06,0.99111598,0.00065546647,0.99981875,0.0088882429,0.99111598,0.00065546647
7.1295596,0.0090151931,-3.055986e-06,0.99098786,0.00065041684,0.99987156,0.0090151931,0.99098786,0.00065041684
7.1492693,0.0091421434,-1.8931131e-06,0.99085975,0.00064536721,1,0.0091421434,0.99085975,0.00064536721
7.168979,0.0092690936,-7.3024024e-07,0.99073164,0.00064031759,1,0.0092690936,0.99073164,0.00064031759
7.1886887,0.0093960438,4.3263263e-07,0.99060352,0.00063526796,0.99995652,0.0093960438,0.99060352,0.00063526796
7.2083984,0.0094964635,1.2511712e-06,0.99050229,0.00063306707,1,0.0094964635,0.99050229,0.00063306707
7.2281081,0.0095611508,1.6059459e-06,0.99043724,0.00063470297,0.99195712,0.0095611508,0.99043724,0.00063470297
7.2478178,0.0096258381,1.9607207e-06,0.9903722,0.00063633888,0.9994544,0.0096258381,0.9903722,0.00063633888
7.2675275,0.0096905253,2.3154955e-06,0.99030716,0.00063797478,0.99996542,0.0096905253,0.99030716,0.00063797478
7.2872372,0.0097552126,2.6702703e-06,0.99024212,0.00063961069,0.99989588,0.0097552126,0.99024212,0.00063961069
7.3069469,0.009826687,2.4901301e-06,0.99017082,0.00064127855,0.99998383,0.009826687,0.99017082,0.00064127855
7.3266567,0.0099106307,1.3272573e-06,0.99008804,0.00064300512,0.99713785,0.0099106307,0.99008804,0.00064300512
7.3463664,0.0099945744,1.6438438e-07,0.99000526,0.00064473169,0.99999805,0.0099945744,0.99000526,0.00064473169
7.3660761,0.010078518,-9.9848849e-07,0.98992248,0.00064645826,0.93034454,0.010078518,0.98992248,0.00064645826
7.3857858,0.010162462,-2.1613614e-06,0.9898397,0.00064818483,0.94989516,0.010162462,0.9898397,0.00064818483
7.4054955,0.010205997,-3.032973e-06,0.98979704,0.00064030528,0.97003983,0.010205997,0.98979704,0.00064030528
7.4252052,0.010145015,-3.1512312e-06,0.98985814,0.00060757928,0.95820598,0.010145015,0.98985814,0.00060757928
7.4449149,0.010084033,-3.2694895e-06,0.98991924,0.00057485328,0.93621492,0.010084033,0.98991924,0.00057485328
7.4646246,0.010023051,-3.3877477e-06,0.98998034,0.00054212727,1,0.010023051,0.98998034,0.00054212727
7.4843343,0.0099620696,-3.506006e-06,0.99004144,0.00050940127,0.99557657,0.0099620696,0.99004144,0.00050940127
7.504044,0.0099133088,-3.3088288e-06,0.99009,0.00047854038,0.96802051,0.0099133088,0.99009,0.00047854038
7.5237538,0.0099118897,-1.8897297e-06,0.99009,0.0004549045,0.78589561,0.0099118897,0.99009,0.0004549045
7.5434635,0.0099104706,-4.7063063e-07,0.99009,0.00043126861,0.69018275,0.0099104706,0.99009,0.00043126861
7.5631732,0.0099090515,9.4846847e-07,0.99009,0.00040763273,0.92092437,0.0099090515,0.99009,0.00040763273
7.5828829,0.0099076324,2.3675676e-06,0.99009,0.00038399685,0.9999371,0.0099076324,0.99009,0.00038399685
7.6025926,0.0099125081,3.4548148e-06,0.99008404,0.00035483916,0.96233592,0.0099125081,0.99008404,0.00035483916
7.6223023,0.0099589442,2.3510711e-06,0.9900387,0.00028922474,0.97429038,0.0099589442,0.9900387,0.00028922474
7.642012,0.01000538,1.2473273e-06,0.98999337,0.00022361033,0.95507481,0.01000538,0.98999337,0.00022361033
7.6617217,0.010051816,1.4358358e-07,0.98994804,0.00015799592,0.99503036,0.010051816,0.98994804,0.00015799592
7.6814314,0.010098252,-9.6016016e-07,0.98990271,9.2381508e-05,0.94864864,0.010098252,0.98990271,9.2381508e-05
7.7011411,0.010148756,-2.0228228e-06,0.98985327,3.0245667e-05,0.75822399,0.010148756,0.98985327,3.0245667e-05
7.7208509,0.010265437,-2.417017e-06,0.98973698,2.4712895e-05,0.87833615,0.010265437,0.98973698,2.4712895e-05
7.7405606,0.010382119,-2.8112112e-06,0.98962069,1.9180123e-05,0.63870316,0.010382119,0.98962069,1.9180123e-05
7.7602703,0.0104988,-3.2054054e-06,0.98950441,1.3647352e-05,0.98220437,0.0104988,0.98950441,1.3647352e-05
7.77998,0.010615481,-3.5995996e-06,0.98938812,8.1145799e-06,0.52892046,0.010615481,0.98938812,8.1145799e-06
7.7996897,0.010732163,-3.9937938e-06,0.98927183,2.5818081e-06,0.70070533,0.010732163,0.98927183,2.5818081e-06
7.8193994,0.010937694,-4e-06,0.98906631,2.2335453e-06,0.58827079,0.010937694,0.98906631,2.2335453e-06
7.8391091,0.011144646,-4e-06,0.98885935,1.9682132e-06,0.72399061,0.011144646,0.98885935,1.9682132e-06
7.8588188,0.011351598,-4e-06,0.9886524,1.7028811e-06,0.97260859,0.011351598,0.9886524,1.7028811e-06
7.8785285,0.01155855,-4e-06,0.98844545,1.4375489e-06,0.97146153,0.01155855,0.98844545,1.4375489e-06
7.8982382,0.011765502,-4e-06,0.9882385,1.1722168e-06,0.94093756,0.011765502,0.9882385,1.1722168e-06
7.9179479,0.011981068,-3.641041e-06,0.98802257,1.0393011e-06,0.69479203,0.011981068,0.98802257,1.0393011e-06
7.9376577,0.012197481,-3.2468468e-06,0.98780577,9.1938328e-07,0.97692475,0.012197481,0.98780577,9.1938328e-07
7.9573674,0.012413894,-2.8526527e-06,0.98758896,7.9946546e-07,0.58258525,0.012413894,0.98758896,7.9946546e-07
7.9770771,0.012630306,-2.4584585e-06,0.98737215,6.7954765e-07,0.77305904,0.012630306,0.98737215,6.7954765e-07
7.9967868,0.012846719,-2.0642643e-06,0.98715535,5.5962983e-07,0.31731373,0.012846719,0.98715535,5.5962983e-07
8.0164965,0.012959698,-2.164965e-06,0.98704247,8.8966056e-07,0.39818194,0.012959698,0.98704247,8.8966056e-07
8.0362062,0.013052531,-2.3620621e-06,0.98694983,1.307333e-06,0.92654362,0.013052531,0.98694983,1.307333e-06
8.0559159,0.013145364,-2.5591592e-06,0.9868572,1.7250054e-06,0.31095807,0.013145364,0.9868572,1.7250054e-06
8.0756256,0.013238197,-2.7562563e-06,0.98676456,2.1426778e-06,0.26830991,0.013238197,0.98676456,2.1426778e-06
8.0953353,0.013331029,-2.9533534e-06,0.98667192,2.5603502e-06,0.13484584,0.013331029,0.98667192,2.5603502e-06
8.115045,0.01343319,-1.9468468e-06,0.98656876,4.1891005e-06,0.12151165,0.01343319,0.98656876,4.1891005e-06
8.1347548,0.013538243,-5.6716717e-07,0.98646232,6.1933415e-06,0.36102134,0.013538243,0.98646232,6.1933415e-06
8.1544645,0.013643296,8.1251251e-07,0.98635589,8.1975825e-06,0.35790198,0.013643296,0.98635589,8.1975825e-06
8.1741742,0.013748348,2.1921922e-06,0.98624946,1.0201823e-05,0.2257967,0.013748348,0.98624946,1.0201823e-05
8.1938839,0.013853401,3.5718719e-06,0.98614303,1.2206064e-05,0.29504169,0.013853401,0.98614303,1.2206064e-05
8.2135936,0.014081748,4e-06,0.98591425,1.1165585e-05,0.21537993,0.014081748,0.98591425,1.1165585e-05
8.2333033,0.014365568,4e-06,0.98563043,8.7552058e-06,0.20457686,0.014365568,0.98563043,8.7552058e-06
8.253013,0.014649387,4e-06,0.98534661,6.3448266e-06,0.79681762,0.014649387,0.98534661,6.3448266e-06
8.2727227,0.014933207,4e-06,0.98506279,3.9344473e-06,0.19029758,0.014933207,0.98506279,3.9344473e-06
8.2924324,0.015217027,4e-06,0.98477897,1.5240681e-06,0.27750735,0.015217027,0.98477897,1.5240681e-06
8.3121421,0.015533995,3.6357357e-06,0.98446237,5.3049557e-07,0.10260274,0.015533995,0.98446237,5.3049557e-07
8.3318519,0.015871622,3.0444444e-06,0.98412533,4.1994519e-07,0.1094563,0.015871622,0.98412533,4.1994519e-07
8.3515616,0.01620925,2.4531532e-06,0.9837883,3.0939481e-07,0.27387128,0.01620925,0.9837883,3.0939481e-07
8.3712713,0.016546877,1.8618619e-06,0.98345126,1.9884443e-07,0.097733408,0.016546877,0.98345126,1.9884443e-07
8.390981,0.016884504,1.2705706e-06,0.98311423,8.8294046e-08,0.159296,0.016884504,0.98311423,8.8294046e-08
8.4106907,0.017228332,8.9309309e-07,0.98277077,4.0349204e-08,0.1459576,0.017228332,0.98277077,4.0349204e-08
8.4304004,0.017577391,6.95996e-07,0.98242191,4.5220459e-08,0.34568611,0.017577391,0.98242191,4.5220459e-08
8.4501101,0.01792645,4.988989e-07,0.98207305,5.0091714e-08,0.13375997,0.01792645,0.98207305,5.0091714e-08
8.4698198,0.018275509,3.018018e-07,0.98172419,5.4962968e-08,0.25855873,0.018275509,0.98172419,5.4962968e-08
8.4895295,0.018624568,1.047047e-07,0.98137533,5.9834223e-08,0.13181732,0.018624568,0.98137533,5.9834223e-08
8.5092392,0.018980002,6.9388939e-18,0.98102,6.600202e-08,0.46608975,0.018980002,0.98102,6.600202e-08
8.5289489,0.019342661,3.1225023e-17,0.98065734,7.3639139e-08,0.15437579,0.019342661,0.98065734,7.3639139e-08
8.5486587,0.019705319,-5.2041704e-17,0.98029468,8.1276257e-08,0.12495365,0.019705319,0.98029468,8.1276257e-08
8.5683684,0.020067978,1.0408341e-17,0.97993202,8.8913375e-08,0.11742635,0.020067978,0.97993202,8.8913375e-08
8.5880781,0.020430637,-7.2858386e-17,0.97956936,9.6550494e-08,0.17320548,0.020430637,0.97956936,9.6550494e-08
8.6077878,0.020672585,-4.8572257e-17,0.97932742,1.3261086e-07,0.12245699,0.020672585,0.97932742,1.3261086e-07
8.6274975,0.020729743,-1.0408341e-16,0.97927026,2.121829e-07,0.13234887,0.020729743,0.97927026,2.121829e-07
8.6472072,0.020786901,-5.5511151e-17,0.9792131,2.9175494e-07,0.12446452,0.020786901,0.9792131,2.9175494e-07
8.6669169,0.020844059,-3.469447e-18,0.97915594,3.7132698e-07,0.12171909,0.020844059,0.97915594,3.7132698e-07
8.6866266,0.020901217,-5.8980598e-17,0.97909878,4.5089902e-07,0.27722675,0.020901217,0.97909878,4.5089902e-07
8.7063363,0.02096129,2.5345345e-07,0.97903846,6.4200262e-07,0.15115933,0.02096129,0.97903846,6.4200262e-07
8.726046,0.021027515,1.0418418e-06,0.97897144,1.068503e-06,0.10797916,0.021027515,0.97897144,1.068503e-06
8.7457558,0.021093739,1.8302302e-06,0.97890443,1.4950034e-06,0.11207628,0.021093739,0.97890443,1.4950034e-06
8.7654655,0.021159964,2.6186186e-06,0.97883742,1.9215038e-06,0.090600099,0.021159964,0.97883742,1.9215038e-06
8.7851752,0.021226189,3.407007e-06,0.9787704,2.3480041e-06,0.1416281,0.021226189,0.9787704,2.3480041e-06
8.8048849,0.021265742,4e-06,0.97873026,3.9643301e-06,0.82186177,0.021265742,0.97873026,3.9643301e-06
8.8245946,0.021224351,4e-06,0.97877165,9.1915816e-06,0.10319722,0.021224351,0.97877165,9.1915816e-06
8.8443043,0.021182961,4e-06,0.97881304,1.4418833e-05,0.10452443,0.021182961,0.97881304,1.4418833e-05
8.864014,0.021141571,4e-06,0.97885443,1.9646085e-05,0.084810903,0.021141571,0.97885443,1.9646085e-05
8.8837237,0.02110018,4e-06,0.97889582,2.4873336e-05,0.10564775,0.02110018,0.97889582,2.4873336e-05
8.9034334,0.021063185,3.7253253e-06,0.97893309,4.0514493e-05,0.077078384,0.021063185,0.97893309,4.0514493e-05
8.9231431,0.021047023,2.1485485e-06,0.97895083,0.00010552303,0.36993393,0.021047023,0.97895083,0.00010552303
8.9428529,0.021030861,5.7177177e-07,0.97896857,0.00017053156,0.1003529,0.021030861,0.97896857,0.00017053156
8.9625626,0.021014699,-1.005005e-06,0.97898631,0.0002355401,0.073128852,0.021014699,0.97898631,0.0002355401
8.9822723,0.020998537,-2.5817818e-06,0.97900405,0.00030054864,0.093191965,0.020998537,0.97900405,0.00030054864
9.001982,0.020990699,-3.9603604e-06,0.97901326,0.00035603712,0.1518711,0.020990699,0.97901326,0.00035603712
9.0216917,0.021057318,-3.5661662e-06,0.97894625,0.000326374,0.09293317,0.021057318,0.97894625,0.000326374
9.0414014,0.021123937,-3.171972e-06,0.97887924,0.00029671089,0.11729643,0.021123937,0.97887924,0.00029671089
9.0611111,0.021190556,-2.7777778e-06,0.97881222,0.00026704778,0.081501667,0.021190556,0.97881222,0.00026704778
9.0808208,0.021257174,-2.3835836e-06,0.97874521,0.00023738466,0.3497023,0.021257174,0.97874521,0.00023738466
9.1005305,0.021323687,-1.9893894e-06,0.9786783,0.00020827049,0.096825742,0.021323687,0.9786783,0.00020827049
9.1202402,0.021386364,-1.5951952e-06,0.97861523,0.00019900102,0.082983967,0.021386364,0.97861523,0.00019900102
9.1399499,0.021449041,-1.201001e-06,0.97855216,0.00018973154,0.095960458,0.021449041,0.97855216,0.00018973154
9.1596597,0.021511718,-8.0680681e-07,0.97848909,0.00018046206,0.12434282,0.021511718,0.97848909,0.00018046206
9.1793694,0.021574395,-4.1261261e-07,0.97842602,0.00017119259,0.094499838,0.021574395,0.97842602,0.00017119259
9.1990791,0.021637071,-1.8418418e-08,0.97836295,0.00016192311,0.11086178,0.021637071,0.97836295,0.00016192311
9.2187888,0.021751793,-9.3943944e-07,0.97824915,0.00015452687,0.12009686,0.021751793,0.97824915,0.00015452687
9.2384985,0.021869066,-1.9249249e-06,0.97813286,0.00014722246,0.12064792,0.021869066,0.97813286,0.00014722246
9.2582082,0.021986339,-2.9104104e-06,0.97801657,0.00013991804,0.11899822,0.021986339,0.97801657,0.00013991804
9.2779179,0.022103612,-3.8958959e-06,0.97790028,0.00013261362,0.093867802,0.022103612,0.97790028,0.00013261362
9.2976276,0.022220884,-4.8813814e-06,0.977784,0.0001253092,0.10309094,0.022220884,0.977784,0.0001253092
9.3173373,0.02233677,-4.4798799e-06,0.97766771,0.00011933404,0.16650938,0.02233677,0.97766771,0.00011933404
9.337047,0.022452466,-3.8885886e-06,0.97755142,0.00011354076,0.10354388,0.022452466,0.97755142,0.00011354076
9.3567568,0.022568162,-3.2972973e-06,0.97743514,0.00010774749,0.24010251,0.022568162,0.97743514,0.00010774749
9.3764665,0.022683858,-2.706006e-06,0.97731885,0.00010195421,0.44542326,0.022683858,0.97731885,0.00010195421
9.3961762,0.022799554,-2.1147147e-06,0.97720256,9.6160937e-05,0.39701843,0.022799554,0.97720256,9.6160937e-05
9.4158859,0.022919857,-1.3645646e-06,0.97708151,9.0169882e-05,0.50910112,0.022919857,0.97708151,9.0169882e-05
9.4355956,0.023041269,-5.7617618e-07,0.97695931,8.4131221e-05,0.63658462,0.023041269,0.97695931,8.4131221e-05
9.4553053,0.023162681,2.1221221e-07,0.97683711,7.8092561e-05,0.6149916,0.023162681,0.97683711,7.8092561e-05
9.475015,0.023284092,1.0006006e-06,0.97671491,7.20539e-05,0.68829173,0.023284092,0.97671491,7.20539e-05
9.4947247,0.023405504,1.788989e-06,0.97659271,6.6015239e-05,0.72671313,0.023405504,0.97659271,6.6015239e-05
9.5144344,0.023527927,1.566967e-06,0.97647051,6.1667139e-05,0.73271055,0.023527927,0.97647051,6.1667139e-05
9.5341441,0.023650718,9.7567568e-07,0.97634831,5.7936879e-05,0.67329079,0.023650718,0.97634831,5.7936879e-05
9.5538539,0.02377351,3.8438438e-07,0.97622611,5.420662e-05,0.59259623,0.02377351,0.97622611,5.420662e-05
9.5735636,0.023896301,-2.0690691e-07,0.97610391,5.047636e-05,0.40656547,0.023896301,0.97610391,5.047636e-05
9.5932733,0.024019092,-7.981982e-07,0.97598171,4.67461e-05,0.2559428,0.024019092,0.97598171,4.67461e-05
9.612983,0.024146947,-1.2596597e-06,0.97585431,4.8537373e-05,0.73461054,0.024146947,0.97585431,4.8537373e-05
9.6326927,0.024277426,-1.6538539e-06,0.97572423,5.3189456e-05,0.68413328,0.024277426,0.97572423,5.3189456e-05
9.6524024,0.024407904,-2.048048e-06,0.97559414,5.7841539e-05,0.62432854,0.024407904,0.97559414,5.7841539e-05
9.6721121,0.024538382,-2.4422422e-06,0.97546406,6.2493622e-05,0.57288278,0.024538382,0.97546406,6.2493622e-05
9.6918218,0.02466886,-2.8364364e-06,0.97533398,6.7145705e-05,0.52497683,0.02466886,0.97533398,6.7145705e-05
9.7115315,0.024800492,-3.2306306e-06,0.97520274,7.3183993e-05,0.5590595,0.024800492,0.97520274,7.3183993e-05
9.7312412,0.024932941,-3.6248248e-06,0.97507068,8.020538e-05,0.52276379,0.024932941,0.97507068,8.020538e-05
9.750951,0.02506539,-4.019019e-06,0.97493863,8.7226767e-05,0.52999538,0.02506539,0.97493863,8.7226767e-05
9.7706607,0.02519784,-4.4132132e-06,0.97480657,9.4248154e-05,0.51977189,0.02519784,0.97480657,9.4248154e-05
9.7903704,0.025330289,-4.8074074e-06,0.97467452,0.00010126954,0.50741385,0.025330289,0.97467452,0.00010126954
9.8100801,0.025472113,-4.495996e-06,0.97453238,0.00011054745,0.42999366,0.025472113,0.97453238,0.00011054745
9.8297898,0.025622892,-3.5105105e-06,0.97438062,0.00012198106,0.43459426,0.025622892,0.97438062,0.00012198106
9.8494995,0.025773671,-2.525025e-06,0.97422885,0.00013341466,0.42650234,0.025773671,0.97422885,0.00013341466
9.8692092,0.02592445,-1.5395395e-06,0.97407709,0.00014484826,0.41642222,0.02592445,0.97407709,0.00014484826
9.8889189,0.02607523,-5.5405405e-07,0.97392532,0.00015628186,0.37264281,0.02607523,0.97392532,0.00015628186
9.9086286,0.026227217,8.6286286e-08,0.9737727,0.00017006936,0.31904256,0.026227217,0.9737727,0.00017006936
9.9283383,0.026380756,2.8338338e-07,0.97361896,0.00018687977,0.39229195,0.026380756,0.97361896,0.00018687977
9.948048,0.026534294,4.8048048e-07,0.97346523,0.00020369018,0.25342881,0.026534294,0.97346523,0.00020369018
9.9677578,0.026687833,6.7757758e-07,0.97331149,0.00022050059,0.29272307,0.026687833,0.97331149,0.00022050059
9.9874675,0.026841372,8.7467467e-07,0.97315775,0.000237311,0.17909364,0.026841372,0.97315775,0.000237311
10.007177,0.027022542,7.1291291e-07,0.97297674,0.00025417022,0.19889632,0.027022542,0.97297674,0.00025417022
10.026887,0.027251963,-7.5475475e-08,0.97274811,0.00027111466,0.17344832,0.027251963,0.97274811,0.00027111466
10.046597,0.027481384,-8.6386386e-07,0.97251948,0.00028805909,0.15556091,0.027481384,0.97251948,0.00028805909
10.066306,0.027710805,-1.6522523e-06,0.97229085,0.00030500353,0.1050065,0.027710805,0.97229085,0.00030500353
10.086016,0.027940226,-2.4406406e-06,0.97206221,0.00032194797,0.12517351,0.027940226,0.97206221,0.00032194797
10.105726,0.028170793,-2.6564565e-06,0.97183186,0.00033956976,0.096189889,0.028170793,0.97183186,0.00033956976
10.125435,0.028404156,-1.4738739e-06,0.97159732,0.00035884586,0.10421351,0.028404156,0.97159732,0.00035884586
10.145145,0.028637519,-2.9129129e-07,0.97136277,0.00037812195,0.078557539,0.028637519,0.97136277,0.00037812195
10.164855,0.028870881,8.9129129e-07,0.97112823,0.00039739805,0.082808796,0.028870881,0.97112823,0.00039739805
10.184565,0.029104244,2.0738739e-06,0.97089368,0.00041667414,0.09602382,0.029104244,0.97089368,0.00041667414
10.204274,0.029289949,3.0427427e-06,0.97070701,0.00044054423,0.070793571,0.029289949,0.97070701,0.00044054423
10.223984,0.029303549,3.2398398e-06,0.97069321,0.00048100432,0.066276647,0.029303549,0.97069321,0.00048100432
10.243694,0.029317149,3.4369369e-06,0.97067941,0.00052146441,0.13454289,0.029317149,0.97067941,0.00052146441
10.263403,0.029330748,3.634034e-06,0.97066562,0.00056192451,0.099202475,0.029330748,0.97066562,0.00056192451
10.283113,0.029344348,3.8311311e-06,0.97065182,0.0006023846,0.066665876,0.029344348,0.97065182,0.0006023846
10.302823,0.02935823,3.7459459e-06,0.97063802,0.00064374997,0.11764306,0.02935823,0.97063802,0.00064374997
10.322533,0.029373801,1.9720721e-06,0.97062423,0.00069053097,0.060917054,0.029373801,0.97062423,0.00069053097
10.342242,0.029389371,1.981982e-07,0.97061043,0.00073731196,0.11073121,0.029389371,0.97061043,0.00073731196
10.361952,0.029404942,-1.5756757e-06,0.97059663,0.00078409296,0.059883363,0.029404942,0.97059663,0.00078409296
10.381662,0.029420513,-3.3495495e-06,0.97058284,0.00083087395,0.072036784,0.029420513,0.97058284,0.00083087395
10.401371,0.029449098,-4.9725726e-06,0.97055587,0.00089899006,0.053983845,0.029449098,0.97055587,0.00089899006
10.421081,0.029651714,-4.5783784e-06,0.97035286,0.0012524049,0.091997216,0.029651714,0.97035286,0.0012524049
10.440791,0.029854329,-4.1841842e-06,0.97014985,0.0016058197,0.077837425,0.029854329,0.97014985,0.0016058197
10.460501,0.030056945,-3.78999e-06,0.96994684,0.0019592345,0.088782814,0.030056945,0.96994684,0.0019592345
10.48021,0.030259561,-3.3957958e-06,0.96974383,0.0023126493,0.069510006,0.030259561,0.96974383,0.0023126493
10.49992,0.030462177,-3.0016016e-06,0.96954082,0.0026660641,0.053675049,0.030462177,0.96954082,0.0026660641
10.51963,0.032157822,-1.8222222e-06,0.967844,0.0037911589,0.052798148,0.032157822,0.967844,0.0037911589
10.539339,0.033859559,-6.3963964e-07,0.96614108,0.0049194018,0.064848916,0.033859559,0.96614108,0.0049194018
10.559049,0.035561295,5.4294294e-07,0.96443816,0.0060476447,0.060843738,0.035561295,0.96443816,0.0060476447
10.578759,0.037263031,1.7255255e-06,0.96273524,0.0071758876,0.056341582,0.037263031,0.96273524,0.0071758876
10.598468,0.038964768,2.9081081e-06,0.96103232,0.0083041305,0.052832532,0.038964768,0.96103232,0.0083041305
10.618178,0.039292234,2.2728729e-06,0.96070549,0.0085761085,0.052982378,0.039292234,0.96070549,0.0085761085
10.637888,0.039503916,1.4844845e-06,0.9604946,0.0087759453,0.054548598,0.039503916,0.9604946,0.0087759453
10.657598,0.039715598,6.960961e-07,0.96028371,0.008975782,0.056703285,0.039715598,0.96028371,0.008975782
10.677307,0.03992728,-9.2292292e-08,0.96007281,0.0091756188,0.066725828,0.03992728,0.96007281,0.0091756188
10.697017,0.040138963,-8.8068068e-07,0.95986192,0.0093754555,0.076778416,0.040138963,0.95986192,0.0093754555
10.716727,0.040347467,-1.6366366e-07,0.9596527,0.0096262084,0.066105117,0.040347467,0.9596527,0.0096262084
10.736436,0.040555404,8.2182182e-07,0.95944377,0.0098860415,0.054110693,0.040555404,0.95944377,0.0098860415
10.756146,0.040763342,1.8073073e-06,0.95923485,0.010145875,0.052656872,0.040763342,0.95923485,0.010145875
10.775856,0.040971279,2.7927928e-06,0.95902593,0.010405708,0.052498396,0.040971279,0.95902593,0.010405708
10.795566,0.041179217,3.7782783e-06,0.95881701,0.010665541,0.054152481,0.041179217,0.95881701,0.010665541
10.815275,0.041346064,3.0834835e-06,0.95865085,0.010896611,0.11119643,0.041346064,0.95865085,0.010896611
10.834985,0.041500982,1.9009009e-06,0.95849712,0.01111933,0.063448231,0.041500982,0.95849712,0.01111933
10.854695,0.0416559,7.1831832e-07,0.95834338,0.01134205,0.082972614,0.0416559,0.95834338,0.01134205
10.874404,0.041810819,-4.6426426e-07,0.95818965,0.01156477,0.053631824,0.041810819,0.95818965,0.01156477
10.894114,0.041965737,-1.6468468e-06,0.95803591,0.011787489,0.054516063,0.041965737,0.95803591,0.011787489
10.913824,0.042124249,-2.2764765e-06,0.95787803,0.01200233,0.053890681,0.042124249,0.95787803,0.01200233
10.933534,0.042284292,-2.6706707e-06,0.95771838,0.012213815,0.056312128,0.042284292,0.95771838,0.012213815
10.953243,0.042444335,-3.0648649e-06,0.95755873,0.0124253,0.054851378,0.042444335,0.95755873,0.0124253
10.972953,0.042604378,-3.4590591e-06,0.95739908,0.012636785,0.056540231,0.042604378,0.95739908,0.012636785
10.992663,0.042764421,-3.8532533e-06,0.95723943,0.01284827,0.065083995,0.042764421,0.95723943,0.01284827
11.012372,0.042585584,-3.1339339e-06,0.95741755,0.012854498,0.065817532,0.042585584,0.95741755,0.012854498
11.032082,0.042205778,-1.7542543e-06,0.95779598,0.012738999,0.09218493,0.042205778,0.95779598,0.012738999
11.051792,0.041825972,-3.7457457e-07,0.9581744,0.0126235,0.055931587,0.041825972,0.9581744,0.0126235
11.071502,0.041446166,1.0051051e-06,0.95855283,0.012508001,0.055371838,0.041446166,0.95855283,0.012508001
11.091211,0.04106636,2.3847848e-06,0.95893126,0.012392502,0.055433636,0.04106636,0.95893126,0.012392502
11.110921,0.040728927,2.8907908e-06,0.95926818,0.012235722,0.055786727,0.040728927,0.95926818,0.012235722
11.130631,0.040425595,2.6936937e-06,0.95957171,0.012045721,0.057677099,0.040425595,0.95957171,0.012045721
11.15034,0.040122262,2.4965966e-06,0.95987524,0.011855719,0.058871692,0.040122262,0.95987524,0.011855719
11.17005,0.03981893,2.2994995e-06,0.96017877,0.011665718,0.057384907,0.03981893,0.96017877,0.011665718
11.18976,0.039515597,2.1024024e-06,0.9604823,0.011475716,0.05695906,0.039515597,0.9604823,0.011475716
11.209469,0.039244366,2e-06,0.96075363,0.011270468,0.057666907,0.039244366,0.96075363,0.011270468
11.229179,0.03900785,2e-06,0.96099015,0.011048734,0.06682601,0.03900785,0.96099015,0.011048734
11.248889,0.038771333,2e-06,0.96122667,0.010827,0.080640222,0.038771333,0.96122667,0.010827
11.268599,0.038534817,2e-06,0.96146318,0.010605266,0.31392352,0.038534817,0.96146318,0.010605266
11.288308,0.0382983,2e-06,0.9616997,0.010383532,0.062756639,0.0382983,0.9616997,0.010383532
11.308018,0.038083192,1.4387387e-06,0.96191537,0.010168845,0.071939856,0.038083192,0.96191537,0.010168845
11.327728,0.0378993,5.9059059e-08,0.96210064,0.0099644357,0.068397399,0.0378993,0.96210064,0.0099644357
11.347437,0.037715409,-1.3206206e-06,0.96228591,0.0097600263,0.15057813,0.037715409,0.96228591,0.0097600263
11.367147,0.037531517,-2.7003003e-06,0.96247118,0.0095556169,0.062288574,0.037531517,0.96247118,0.0095556169
11.386857,0.037347626,-4.07998e-06,0.96265645,0.0093512075,0.11884357,0.037347626,0.96265645,0.0093512075
11.406567,0.03718061,-4.606006e-06,0.962824,0.009157193,0.060894932,0.03718061,0.962824,0.009157193
11.426276,0.037047372,-3.4234234e-06,0.96295605,0.0089839841,0.061252204,0.037047372,0.96295605,0.0089839841
11.445986,0.036914135,-2.2408408e-06,0.96308811,0.0088107752,0.06138258,0.036914135,0.96308811,0.0088107752
11.465696,0.036780897,-1.0582583e-06,0.96322016,0.0086375662,0.066828254,0.036780897,0.96322016,0.0086375662
11.485405,0.036647659,1.2432432e-07,0.96335222,0.0084643573,0.075240595,0.036647659,0.96335222,0.0084643573
11.505115,0.036526238,7.4424424e-07,0.96347302,0.008269358,0.062821633,0.036526238,0.96347302,0.008269358
11.524825,0.03643853,-2.4124124e-07,0.96356171,0.0080121857,0.062851259,0.03643853,0.96356171,0.0080121857
11.544535,0.036350821,-1.2267267e-06,0.96365041,0.0077550134,0.066096456,0.036350821,0.96365041,0.0077550134
11.564244,0.036263113,-2.2122122e-06,0.9637391,0.0074978411,0.1050617,0.036263113,0.9637391,0.0074978411
11.583954,0.036175405,-3.1976977e-06,0.96382779,0.0072406688,0.064028371,0.036175405,0.96382779,0.0072406688
11.603664,0.03607568,-3.8900901e-06,0.96392821,0.0069798145,0.064044327,0.03607568,0.96392821,0.0069798145
11.623373,0.035923324,-3.2987988e-06,0.96407997,0.006702834,0.064513789,0.035923324,0.96407997,0.006702834
11.643083,0.035770968,-2.7075075e-06,0.96423174,0.0064258534,0.068543192,0.035770968,0.96423174,0.0064258534
11.662793,0.035618612,-2.1162162e-06,0.9643835,0.0061488729,0.06614518,0.035618612,0.9643835,0.0061488729
11.682503,0.035466256,-1.5249249e-06,0.96453527,0.0058718923,0.069502614,0.035466256,0.96453527,0.0058718923
11.702212,0.035321089,-1.0442442e-06,0.96467995,0.0056032518,0.51687909,0.035321089,0.96467995,0.0056032518
11.721922,0.03523279,-1.4384384e-06,0.96476865,0.0054005769,0.19378066,0.03523279,0.96476865,0.0054005769
11.741632,0.03514449,-1.8326326e-06,0.96485734,0.0051979019,0.092574367,0.03514449,0.96485734,0.0051979019
11.761341,0.035056191,-2.2268268e-06,0.96494604,0.004995227,0.082755791,0.035056191,0.96494604,0.004995227
11.781051,0.034967891,-2.621021e-06,0.96503473,0.004792552,0.077997123,0.034967891,0.96503473,0.004792552
11.800761,0.034879561,-2.9847848e-06,0.96512342,0.0045914329,0.069780979,0.034879561,0.96512342,0.0045914329
11.82047,0.034790473,-2.5905906e-06,0.96521212,0.0044290643,0.070418418,0.034790473,0.96521212,0.0044290643
11.84018,0.034701386,-2.1963964e-06,0.96530081,0.0042666957,0.069889649,0.034701386,0.96530081,0.0042666957
11.85989,0.034612298,-1.8022022e-06,0.9653895,0.0041043271,0.070953996,0.034612298,0.9653895,0.0041043271
11.8796,0.03452321,-1.408008e-06,0.9654782,0.0039419585,0.20598155,0.03452321,0.9654782,0.0039419585
11.899309,0.034434122,-1.0138138e-06,0.96556689,0.0037795899,0.15038172,0.034434122,0.96556689,0.0037795899
11.919019,0.034393342,-1.3803804e-06,0.96560804,0.003731925,0.075253535,0.034393342,0.96560804,0.003731925
11.938729,0.034354317,-1.7745746e-06,0.96564746,0.0036884257,0.072994709,0.034354317,0.96564746,0.0036884257
11.958438,0.034315292,-2.1687688e-06,0.96568688,0.0036449264,0.073494204,0.034315292,0.96568688,0.0036449264
11.978148,0.034276267,-2.562963e-06,0.9657263,0.003601427,0.073538519,0.034276267,0.9657263,0.003601427
11.997858,0.034237241,-2.9571572e-06,0.96576572,0.0035579277,0.073687823,0.034237241,0.96576572,0.0035579277
12.017568,0.034194,-2.6486486e-06,0.96580865,0.0034785027,0.074480595,0.034194,0.96580865,0.0034785027
12.037277,0.034150244,-2.2544545e-06,0.96585201,0.003394697,0.077127843,0.034150244,0.96585201,0.003394697
12.056987,0.034106489,-1.8602603e-06,0.96589537,0.0033108913,0.077905703,0.034106489,0.96589537,0.0033108913
12.076697,0.034062733,-1.4660661e-06,0.96593873,0.0032270856,0.16211636,0.034062733,0.96593873,0.0032270856
12.096406,0.034018978,-1.0718719e-06,0.96598209,0.00314328,0.088380572,0.034018978,0.96598209,0.00314328
12.116116,0.03401519,-3.5535536e-07,0.96598517,0.003065679,0.25448481,0.03401519,0.96598517,0.003065679
12.135826,0.034020315,4.3303303e-07,0.96597925,0.0029894615,0.080197342,0.034020315,0.96597925,0.0029894615
12.155536,0.034025439,1.2214214e-06,0.96597334,0.0029132441,0.089295177,0.034025439,0.96597334,0.0029132441
12.175245,0.034030564,2.0098098e-06,0.96596743,0.0028370266,0.07996595,0.034030564,0.96596743,0.0028370266
12.194955,0.034035688,2.7981982e-06,0.96596151,0.0027608092,0.082882541,0.034035688,0.96596151,0.0027608092
12.214665,0.034050931,2.2667668e-06,0.9659468,0.0026586206,0.096330162,0.034050931,0.9659468,0.0026586206
12.234374,0.034069656,1.2812813e-06,0.96592906,0.0025474973,0.088213975,0.034069656,0.96592906,0.0025474973
12.254084,0.03408838,2.957958e-07,0.96591132,0.0024363739,0.086342306,0.03408838,0.96591132,0.0024363739
12.273794,0.034107104,-6.8968969e-07,0.96589359,0.0023252506,0.22627137,0.034107104,0.96589359,0.0023252506
12.293504,0.034125828,-1.6751752e-06,0.96587585,0.0022141272,0.11528838,0.034125828,0.96587585,0.0022141272
12.313213,0.034160673,-1.6036036e-06,0.96584093,0.0021168381,0.090460598,0.034160673,0.96584093,0.0021168381
12.332923,0.034203443,-1.0123123e-06,0.96579757,0.0020263509,0.12313927,0.034203443,0.96579757,0.0020263509
12.352633,0.034246213,-4.2102102e-07,0.96575421,0.0019358636,0.11686039,0.034246213,0.96575421,0.0019358636
12.372342,0.034288983,1.7027027e-07,0.96571085,0.0018453763,0.69358964,0.034288983,0.96571085,0.0018453763
12.392052,0.034331753,7.6156156e-07,0.96566749,0.001754889,0.099025516,0.034331753,0.96566749,0.001754889
12.411762,0.034382403,5.2952953e-07,0.96561707,0.001675446,0.10272462,0.034382403,0.96561707,0.001675446
12.431471,0.034438379,-2.5885886e-07,0.96556188,0.0016034662,0.11226428,0.034438379,0.96556188,0.0016034662
12.451181,0.034494355,-1.0472472e-06,0.96550669,0.0015314863,0.4316358,0.034494355,0.96550669,0.0015314863
12.470891,0.03455033,-1.8356356e-06,0.96545151,0.0014595065,0.11300846,0.03455033,0.96545151,0.0014595065
12.490601,0.034606306,-2.624024e-06,0.96539632,0.0013875266,0.10844656,0.034606306,0.96539632,0.0013875266
12.51031,0.034664343,-2.3813814e-06,0.96533804,0.0013398378,0.20599054,0.034664343,0.96533804,0.0013398378
12.53002,0.034724261,-1.1987988e-06,0.96527694,0.0013142941,0.29978658,0.034724261,0.96527694,0.0013142941
12.54973,0.034784178,-1.6216216e-08,0.96521584,0.0012887503,0.20428957,0.034784178,0.96521584,0.0012887503
12.569439,0.034844096,1.1663664e-06,0.96515474,0.0012632065,0.4728805,0.034844096,0.96515474,0.0012632065
12.589149,0.034904013,2.3489489e-06,0.96509364,0.0012376627,0.16520861,0.034904013,0.96509364,0.0012376627
12.608859,0.035019033,2.4684685e-06,0.9649785,0.0012113925,0.15033096,0.035019033,0.9649785,0.0012113925
12.628569,0.035201545,1.2858859e-06,0.96479717,0.0011842325,0.51693779,0.035201545,0.96479717,0.0011842325
12.648278,0.035384057,1.033033e-07,0.96461584,0.0011570725,0.1194151,0.035384057,0.96461584,0.0011570725
12.667988,0.035566569,-1.0792793e-06,0.96443451,0.0011299126,0.10808704,0.035566569,0.96443451,0.0011299126
12.687698,0.035749081,-2.2618619e-06,0.96425318,0.0011027526,0.12057615,0.035749081,0.96425318,0.0011027526
12.707407,0.035935667,-3.0740741e-06,0.96406741,0.0010744911,0.12514444,0.035935667,0.96406741,0.0010744911
12.727117,0.036129019,-3.2711712e-06,0.96387425,0.0010444003,0.14136586,0.036129019,0.96387425,0.0010444003
12.746827,0.036322371,-3.4682683e-06,0.9636811,0.0010143095,0.89644714,0.036322371,0.9636811,0.0010143095
12.766537,0.036515723,-3.6653654e-06,0.96348794,0.00098421867,0.14736342,0.036515723,0.96348794,0.00098421867
12.786246,0.036709076,-3.8624625e-06,0.96329479,0.00095412786,0.17777397,0.036709076,0.96329479,0.00095412786
12.805956,0.036891588,-3.9404404e-06,0.96311235,0.00094754163,0.12520843,0.036891588,0.96311235,0.00094754163
12.825666,0.037049069,-3.7433433e-06,0.96295467,0.00099523321,0.17162031,0.037049069,0.96295467,0.00099523321
12.845375,0.037206549,-3.5462462e-06,0.962797,0.0010429248,0.14991196,0.037206549,0.962797,0.0010429248
12.865085,0.03736403,-3.3491491e-06,0.96263932,0.0010906164,0.38111939,0.03736403,0.96263932,0.0010906164
12.884795,0.03752151,-3.1520521e-06,0.96248164,0.001138308,0.17895465,0.03752151,0.96248164,0.001138308
12.904505,0.037680252,-2.8648649e-06,0.96232261,0.0011887982,0.17230489,0.037680252,0.96232261,0.0011887982
12.924214,0.037843252,-2.2735736e-06,0.96215902,0.0012487354,0.13644244,0.037843252,0.96215902,0.0012487354
12.943924,0.038006251,-1.6822823e-06,0.96199543,0.0013086727,0.18747873,0.038006251,0.96199543,0.0013086727
12.963634,0.03816925,-1.090991e-06,0.96183184,0.0013686099,0.16758285,0.03816925,0.96183184,0.0013686099
12.983343,0.038332249,-4.996997e-07,0.96166825,0.0014285471,0.42529754,0.038332249,0.96166825,0.0014285471
13.003053,0.038497081,9.1591592e-08,0.96150283,0.0015060089,0.59528789,0.038497081,0.96150283,0.0015060089
13.022763,0.038671906,6.8288288e-07,0.96132741,0.0016790798,0.23366925,0.038671906,0.96132741,0.0016790798
13.042472,0.038846731,1.2741742e-06,0.96115199,0.0018521508,0.15539504,0.038846731,0.96115199,0.0018521508
13.062182,0.039021556,1.8654655e-06,0.96097658,0.0020252217,0.16103197,0.039021556,0.96097658,0.0020252217
13.081892,0.039196381,2.4567568e-06,0.96080116,0.0021982927,0.16948154,0.039196381,0.96080116,0.0021982927
13.101602,0.039376604,2.9359359e-06,0.96062046,0.0023797416,0.42092706,0.039376604,0.96062046,0.0023797416
13.121311,0.03961785,2.1475475e-06,0.96038,0.0026559141,0.20744919,0.03961785,0.96038,0.0026559141
13.141021,0.039859097,1.3591592e-06,0.96013954,0.0029320865,0.18832773,0.039859097,0.96013954,0.0029320865
13.160731,0.040100344,5.7077077e-07,0.95989909,0.003208259,0.18207673,0.040100344,0.95989909,0.003208259
13.18044,0.040341591,-2.1761762e-07,0.95965863,0.0034844315,0.47929205,0.040341591,0.95965863,0.0034844315
13.20015,0.040583128,-9.954955e-07,0.95941787,0.0037618895,0.45188206,0.040583128,0.95941787,0.0037618895
13.21986,0.040862414,-4.042042e-07,0.95913799,0.0042068165,0.22352234,0.040862414,0.95913799,0.0042068165
13.23957,0.041141701,1.8708709e-07,0.95885811,0.0046517435,0.27110161,0.041141701,0.95885811,0.0046517435
13.259279,0.041420987,7.7837838e-07,0.95857823,0.0050966705,0.74948176,0.041420987,0.95857823,0.0050966705
13.278989,0.041700274,1.3696697e-06,0.95829836,0.0055415974,0.52114828,0.041700274,0.95829836,0.0055415974
13.298699,0.041979561,1.960961e-06,0.95801848,0.0059865244,0.28419587,0.041979561,0.95801848,0.0059865244
13.318408,0.042526321,2e-06,0.95747168,0.006635527,0.34506257,0.042526321,0.95747168,0.006635527
13.338118,0.04309199,2e-06,0.95690601,0.0072989559,0.77808196,0.04309199,0.95690601,0.0072989559
13.357828,0.043657659,2e-06,0.95634034,0.0079623847,0.72102889,0.043657659,0.95634034,0.0079623847
13.377538,0.044223327,2e-06,0.95577467,0.0086258135,0.31776737,0.044223327,0.95577467,0.0086258135
13.397247,0.044788996,2e-06,0.955209,0.0092892423,0.47376389,0.044788996,0.955209,0.0092892423
13.416957,0.04585303,2.1695696e-06,0.9541448,0.01027877,0.94603446,0.04585303,0.9541448,0.01027877
13.436667,0.046997967,2.3666667e-06,0.95299967,0.011321237,0.777141,0.046997967,0.95299967,0.011321237
13.456376,0.048142904,2.5637638e-06,0.95185453,0.012363703,0.44759482,0.048142904,0.95185453,0.012363703
13.476086,0.049287841,2.7608609e-06,0.9507094,0.013406169,0.82045369,0.049287841,0.9507094,0.013406169
13.495796,0.050432778,2.957958e-06,0.94956426,0.014448635,0.97928223,0.050432778,0.94956426,0.014448635
13.515506,0.052566656,1.9146146e-06,0.94743143,0.016222326,0.65681167,0.052566656,0.94743143,0.016222326
13.535215,0.054968678,5.3493493e-07,0.94503079,0.018194282,0.6132073,0.054968678,0.94503079,0.018194282
13.554925,0.057370701,-8.4474474e-07,0.94263014,0.020166239,0.98694522,0.057370701,0.94263014,0.020166239
13.574635,0.059772723,-2.2244244e-06,0.9402295,0.022138195,0.72859566,0.059772723,0.9402295,0.022138195
13.594344,0.062174745,-3.6041041e-06,0.93782886,0.024110152,0.57924778,0.062174745,0.93782886,0.024110152
13.614054,0.064883286,-3.7189189e-06,0.93512043,0.025630832,0.94229821,0.064883286,0.93512043,0.025630832
13.633764,0.067715178,-3.3247247e-06,0.93228815,0.02696991,0.84619147,0.067715178,0.93228815,0.02696991
13.653473,0.070547069,-2.9305305e-06,0.92945586,0.028308988,0.65017326,0.070547069,0.92945586,0.028308988
13.673183,0.07337896,-2.5363363e-06,0.92662358,0.029648065,0.89018976,0.07337896,0.92662358,0.029648065
13.692893,0.076210851,-2.1421421e-06,0.92379129,0.030987143,0.9525584,0.076210851,0.92379129,0.030987143
13.712603,0.080328207,-1.7479479e-06,0.91967354,0.032075555,0.98169949,0.080328207,0.91967354,0.032075555
13.732312,0.085170489,-1.3537538e-06,0.91483086,0.033022607,0.78965777,0.085170489,0.91483086,0.033022607
13.752022,0.09001277,-9.5955956e-07,0.90998819,0.033969658,0.96921797,0.09001277,0.90998819,0.033969658
13.771732,0.094855052,-5.6536537e-07,0.90514551,0.03491671,0.59204421,0.094855052,0.90514551,0.03491671
13.791441,0.099697333,-1.7117117e-07,0.90030284,0.035863761,0.7449117,0.099697333,0.90030284,0.035863761
13.811151,0.10318943,2.7755576e-17,0.89681057,0.036081862,0.91860267,0.10318943,0.89681057,0.036081862
13.830861,0.10564526,5.5511151e-17,0.89435474,0.03574049,0.78663321,0.10564526,0.89435474,0.03574049
13.850571,0.10810109,-1.3877788e-17,0.89189891,0.035399118,0.88635474,0.10810109,0.89189891,0.035399118
13.87028,0.11055692,1.3877788e-17,0.88944308,0.035057746,0.99999865,0.11055692,0.88944308,0.035057746
13.88999,0.11301275,5.5511151e-17,0.88698725,0.034716373,1,0.11301275,0.88698725,0.034716373
13.9097,0.11565094,4.1633363e-17,0.88434906,0.034411763,0.9997035,0.11565094,0.88434906,0.034411763
13.929409,0.11847731,5.5511151e-17,0.88152269,0.034145091,0.93164369,0.11847731,0.88152269,0.034145091
13.949119,0.12130368,0,0.87869632,0.033878418,0.99513243,0.12130368,0.87869632,0.033878418
13.968829,0.12413005,2.7755576e-17,0.87586995,0.033611746,0.76673357,0.12413005,0.87586995,0.033611746
13.988539,0.12695643,5.5511151e-17,0.87304357,0.033345074,0.97003367,0.12695643,0.87304357,0.033345074
14.008248,0.12936461,2.7755576e-17,0.87063539,0.032948904,0.99233988,0.12936461,0.87063539,0.032948904
14.027958,0.1311917,5.5511151e-17,0.8688083,0.032372789,0.93725369,0.1311917,0.8688083,0.032372789
14.047668,0.13301879,5.5511151e-17,0.86698121,0.031796674,0.96131589,0.13301879,0.86698121,0.031796674
14.067377,0.13484588,8.3266727e-17,0.86515412,0.031220559,0.95730925,0.13484588,0.86515412,0.031220559
14.087087,0.13667297,0,0.86332703,0.030644444,0.99882333,0.13667297,0.86332703,0.030644444
14.106797,0.13852793,8.3266727e-17,0.86147207,0.030102585,0.99759558,0.13852793,0.86147207,0.030102585
14.126507,0.14043583,2.7755576e-17,0.85956417,0.029625808,0.98974937,0.14043583,0.85956417,0.029625808
14.146216,0.14234373,0,0.85765627,0.02914903,0.99789685,0.14234373,0.85765627,0.02914903
14.165926,0.14425163,0,0.85574837,0.028672252,0.99875759,0.14425163,0.85574837,0.028672252
14.185636,0.14615953,-2.7755576e-17,0.85384047,0.028195474,0.99999919,0.14615953,0.85384047,0.028195474
14.205345,0.14810378,0,0.85189622,0.027730349,0.99910043,0.14810378,0.85189622,0.027730349
14.225055,0.1501457,0,0.8498543,0.027296538,0.99986226,0.1501457,0.8498543,0.027296538
14.244765,0.15218763,-5.5511151e-17,0.84781237,0.026862728,0.99999803,0.15218763,0.84781237,0.026862728
14.264474,0.15422956,-2.7755576e-17,0.84577044,0.026428917,0.99998232,0.15422956,0.84577044,0.026428917
14.284184,0.15627148,-2.7755576e-17,0.84372852,0.025995106,1,0.15627148,0.84372852,0.025995106
14.303894,0.15829666,2.7755576e-17,0.84170334,0.025718453,0.99997581,0.15829666,0.84170334,0.025718453
14.323604,0.16025384,-2.7755576e-17,0.83974616,0.026080126,1,0.16025384,0.83974616,0.026080126
14.343313,0.16221101,0,0.83778899,0.026441799,1,0.16221101,0.83778899,0.026441799
14.363023,0.16416819,5.5511151e-17,0.83583181,0.026803472,1,0.16416819,0.83583181,0.026803472
14.382733,0.16612536,-2.7755576e-17,0.83387464,0.027165146,1,0.16612536,0.83387464,0.027165146
14.402442,0.16808986,0,0.83191014,0.027530409,1,0.16808986,0.83191014,0.027530409
14.422152,0.17010617,0,0.82989383,0.027921056,1,0.17010617,0.82989383,0.027921056
14.441862,0.17212247,0,0.82787753,0.028311702,1,0.17212247,0.82787753,0.028311702
14.461572,0.17413877,-2.7755576e-17,0.82586123,0.028702349,1,0.17413877,0.82586123,0.028702349
14.481281,0.17615508,-2.7755576e-17,0.82384492,0.029092995,1,0.17615508,0.82384492,0.029092995
14.500991,0.17817286,-5.5511151e-17,0.82182714,0.029486396,1,0.17817286,0.82182714,0.029486396
14.520701,0.18021873,-5.5511151e-17,0.81978127,0.029931836,1,0.18021873,0.81978127,0.029931836
14.54041,0.1822646,0,0.8177354,0.030377275,1,0.1822646,0.8177354,0.030377275
14.56012,0.18431047,2.7755576e-17,0.81568953,0.030822715,1,0.18431047,0.81568953,0.030822715
14.57983,0.18635634,2.7755576e-17,0.81364366,0.031268154,1,0.18635634,0.81364366,0.031268154
14.59954,0.1884022,-2.7755576e-17,0.8115978,0.031713594,1,0.1884022,0.8115978,0.031713594
14.619249,0.19060977,-2.7755576e-17,0.80939023,0.032193682,1,0.19060977,0.80939023,0.032193682
14.638959,0.1928212,0,0.8071788,0.032674599,1,0.1928212,0.8071788,0.032674599
14.658669,0.19503262,2.7755576e-17,0.80496738,0.033155516,1,0.19503262,0.80496738,0.033155516
14.678378,0.19724405,5.5511151e-17,0.80275595,0.033636432,1,0.19724405,0.80275595,0.033636432
14.698088,0.19945548,5.5511151e-17,0.80054452,0.034117349,1,0.19945548,0.80054452,0.034117349
14.717798,0.2019321,-2.7755576e-17,0.7980679,0.034406584,1,0.2019321,0.7980679,0.034406584
14.737508,0.2044372,2.7755576e-17,0.7955628,0.034675227,1,0.2044372,0.7955628,0.034675227
14.757217,0.20694231,-2.7755576e-17,0.79305769,0.034943871,1,0.20694231,0.79305769,0.034943871
14.776927,0.20944741,2.7755576e-17,0.79055259,0.035212514,1,0.20944741,0.79055259,0.035212514
14.796637,0.21195252,-2.7755576e-17,0.78804748,0.035481157,1,0.21195252,0.78804748,0.035481157
14.816346,0.21408165,5.5511151e-17,0.78591835,0.035674444,1,0.21408165,0.78591835,0.035674444
14.836056,0.21613344,5.5511151e-17,0.78386656,0.035852226,1,0.21613344,0.78386656,0.035852226
14.855766,0.21818522,2.7755576e-17,0.78181478,0.036030007,1,0.21818522,0.78181478,0.036030007
14.875475,0.220237,8.3266727e-17,0.779763,0.036207789,1,0.220237,0.779763,0.036207789
14.895185,0.22228878,8.3266727e-17,0.77771122,0.03638557,1,0.22228878,0.77771122,0.03638557
14.914895,0.22428694,8.3266727e-17,0.77571306,0.0366061,1,0.22428694,0.77571306,0.0366061
14.934605,0.22626776,8.3266727e-17,0.77373224,0.036840449,1,0.22626776,0.77373224,0.036840449
14.954314,0.22824859,0,0.77175141,0.037074797,1,0.22824859,0.77175141,0.037074797
14.974024,0.23022941,5.5511151e-17,0.76977059,0.037309146,1,0.23022941,0.76977059,0.037309146
14.993734,0.23221024,2.7755576e-17,0.76778976,0.037543494,1,0.23221024,0.76778976,0.037543494
15.013443,0.23276606,8.3266727e-17,0.76723394,0.037911067,1,0.23276606,0.76723394,0.037911067
15.033153,0.23265766,2.7755576e-17,0.76734234,0.038340739,1,0.23265766,0.76734234,0.038340739
15.052863,0.23254925,8.3266727e-17,0.76745075,0.03877041,1,0.23254925,0.76745075,0.03877041
15.072573,0.23244085,2.7755576e-17,0.76755915,0.039200082,1,0.23244085,0.76755915,0.039200082
15.092282,0.23233245,-2.7755576e-17,0.76766755,0.039629754,1,0.23233245,0.76766755,0.039629754
15.111992,0.23227081,0,0.76772919,0.039974642,1,0.23227081,0.76772919,0.039974642
15.131702,0.23223928,-5.5511151e-17,0.76776072,0.040264966,1,0.23223928,0.76776072,0.040264966
15.151411,0.23220774,0,0.76779226,0.04055529,1,0.23220774,0.76779226,0.04055529
15.171121,0.23217621,-5.5511151e-17,0.76782379,0.040845614,1,0.23217621,0.76782379,0.040845614
15.190831,0.23214467,-1.110223e-16,0.76785533,0.041135938,1,0.23214467,0.76785533,0.041135938
15.210541,0.23217638,-5.5511151e-17,0.76782362,0.041360278,1,0.23217638,0.76782362,0.041360278
15.23025,0.2322631,-5.5511151e-17,0.7677369,0.04152722,1,0.2322631,0.7677369,0.04152722
15.24996,0.23234982,2.7755576e-17,0.76765018,0.041694161,1,0.23234982,0.76765018,0.041694161
15.26967,0.23243655,0,0.76756345,0.041861102,1,0.23243655,0.76756345,0.041861102
15.289379,0.23252327,8.3266727e-17,0.76747673,0.042028043,1,0.23252327,0.76747673,0.042028043
15.309089,0.23255,5.5511151e-17,0.76745,0.042198075,1,0.23255,0.76745,0.042198075
15.328799,0.23250664,0,0.76749336,0.042371717,1,0.23250664,0.76749336,0.042371717
15.348509,0.23246328,-2.7755576e-17,0.76753672,0.04254536,1,0.23246328,0.76753672,0.04254536
15.368218,0.23241992,2.7755576e-17,0.76758008,0.042719003,1,0.23241992,0.76758008,0.042719003
15.387928,0.23237656,0,0.76762344,0.042892645,1,0.23237656,0.76762344,0.042892645
15.407638,0.23234389,-2.7755576e-17,0.76765611,0.043065829,1,0.23234389,0.76765611,0.043065829
15.427347,0.23232812,-5.5511151e-17,0.76767188,0.043238289,1,0.23232812,0.76767188,0.043238289
15.447057,0.23231235,-8.3266727e-17,0.76768765,0.043410749,1,0.23231235,0.76768765,0.043410749
15.466767,0.23229659,0,0.76770341,0.043583209,1,0.23229659,0.76770341,0.043583209
15.486476,0.23228082,-2.7755576e-17,0.76771918,0.043755669,1,0.23228082,0.76771918,0.043755669
15.506186,0.23227619,-2.7755576e-17,0.76772381,0.043933635,1,0.23227619,0.76772381,0.043933635
15.525896,0.2322959,-5.5511151e-17,0.7677041,0.044123636,1,0.2322959,0.7677041,0.044123636
15.545606,0.23231561,0,0.76768439,0.044313638,1,0.23231561,0.76768439,0.044313638
15.565315,0.23233532,-5.5511151e-17,0.76766468,0.04450364,1,0.23233532,0.76766468,0.04450364
15.585025,0.23235503,0,0.76764497,0.044693641,1,0.23235503,0.76764497,0.044693641
15.604735,0.23200827,0,0.76799173,0.045653889,1,0.23200827,0.76799173,0.045653889
15.624444,0.23050244,-8.3266727e-17,0.76949756,0.049050267,1,0.23050244,0.76949756,0.049050267
15.644154,0.22899662,0,0.77100338,0.052446644,1,0.22899662,0.77100338,0.052446644
15.663864,0.2274908,-2.7755576e-17,0.7725092,0.055843021,1,0.2274908,0.7725092,0.055843021
15.683574,0.22598498,0,0.77401502,0.059239398,1,0.22598498,0.77401502,0.059239398
15.703283,0.22439675,-5.5511151e-17,0.77560325,0.062803912,1,0.22439675,0.77560325,0.062803912
15.722993,0.22239621,-5.5511151e-17,0.77760379,0.067209624,1,0.22239621,0.77760379,0.067209624
15.742703,0.22039568,-2.7755576e-17,0.77960432,0.071615335,1,0.22039568,0.77960432,0.071615335
15.762412,0.21839514,-5.5511151e-17,0.78160486,0.076021047,0.99998577,0.21839514,0.78160486,0.076021047
15.782122,0.2163946,5.5511151e-17,0.7836054,0.080426758,0.99999977,0.2163946,0.7836054,0.080426758
15.801832,0.21440396,2.7755576e-17,0.78559604,0.084826131,0.99999922,0.21440396,0.78559604,0.084826131
15.821542,0.21250986,-5.5511151e-17,0.78749014,0.089163647,0.99999353,0.21250986,0.78749014,0.089163647
15.841251,0.21061575,0,0.78938425,0.093501163,0.99962535,0.21061575,0.78938425,0.093501163
15.860961,0.20872165,-2.7755576e-17,0.79127835,0.097838679,0.99993643,0.20872165,0.79127835,0.097838679
15.880671,0.20682755,2.7755576e-17,0.79317245,0.10217619,0.99871285,0.20682755,0.79317245,0.10217619
15.90038,0.20493132,-8.3266727e-17,0.79506868,0.10651741,0.99989922,0.20493132,0.79506868,0.10651741
15.92009,0.20292684,-5.5511151e-17,0.79707316,0.1110467,0.99730351,0.20292684,0.79707316,0.1110467
15.9398,0.20092236,-5.5511151e-17,0.79907764,0.11557599,0.99983534,0.20092236,0.79907764,0.11557599
15.95951,0.19891788,-8.3266727e-17,0.80108212,0.12010529,0.99860434,0.19891788,0.80108212,0.12010529
15.979219,0.19691341,-5.5511151e-17,0.80308659,0.12463458,0.99992339,0.19691341,0.80308659,0.12463458
15.998929,0.19490893,-5.5511151e-17,0.80509107,0.12916387,0.99993395,0.19490893,0.80509107,0.12916387
16.018639,0.1930256,-2.7755576e-17,0.8069744,0.13333157,0.99964125,0.1930256,0.8069744,0.13333157
16.038348,0.19114924,-2.7755576e-17,0.80885076,0.13747849,0.95981108,0.19114924,0.80885076,0.13747849
16.058058,0.18927287,-2.7755576e-17,0.81072713,0.14162542,0.99779316,0.18927287,0.81072713,0.14162542
16.077768,0.18739651,-2.7755576e-17,0.81260349,0.14577234,0.86425659,0.18739651,0.81260349,0.14577234
16.097477,0.18552014,-2.7755576e-17,0.81447986,0.14991926,0.98589701,0.18552014,0.81447986,0.14991926
16.117187,0.18456329,0,0.81543671,0.15213778,0.98936005,0.18456329,0.81543671,0.15213778
16.136897,0.1837414,5.5511151e-17,0.8162586,0.15407328,0.94136621,0.1837414,0.8162586,0.15407328
16.156607,0.1829195,-2.7755576e-17,0.8170805,0.15600877,0.95172232,0.1829195,0.8170805,0.15600877
16.176316,0.18209761,-5.5511151e-17,0.81790239,0.15794426,0.99999972,0.18209761,0.81790239,0.15794426
16.196026,0.18127571,0,0.81872429,0.15987976,1,0.18127571,0.81872429,0.15987976
16.215736,0.18073234,0,0.81926766,0.16114963,1,0.18073234,0.81926766,0.16114963
16.235445,0.18025931,5.5511151e-17,0.81974069,0.1622514,1,0.18025931,0.81974069,0.1622514
16.255155,0.17978628,0,0.82021372,0.16335317,0.94596965,0.17978628,0.82021372,0.16335317
16.274865,0.17931324,-2.7755576e-17,0.82068676,0.16445495,0.91843727,0.17931324,0.82068676,0.16445495
16.294575,0.17884021,2.7755576e-17,0.82115979,0.16555672,0.82479603,0.17884021,0.82115979,0.16555672
16.314284,0.17829576,5.5511151e-17,0.82170424,0.16674705,0.99978778,0.17829576,0.82170424,0.16674705
16.333994,0.17772417,8.3266727e-17,0.82227583,0.16797103,0.85235853,0.17772417,0.82227583,0.16797103
16.353704,0.17715259,-2.7755576e-17,0.82284741,0.169195,0.81022559,0.17715259,0.82284741,0.169195
16.373413,0.17658101,-2.7755576e-17,0.82341899,0.17041897,0.92473629,0.17658101,0.82341899,0.17041897
16.393123,0.17600943,0,0.82399057,0.17164295,0.71933357,0.17600943,0.82399057,0.17164295
16.412833,0.17514141,0,0.82485859,0.17359069,0.97927394,0.17514141,0.82485859,0.17359069
16.432543,0.17411453,-5.5511151e-17,0.82588547,0.17592629,0.71586321,0.17411453,0.82588547,0.17592629
16.452252,0.17308766,-5.5511151e-17,0.82691234,0.17826189,0.99900622,0.17308766,0.82691234,0.17826189
16.471962,0.17206078,-5.5511151e-17,0.82793922,0.18059749,0.69171683,0.17206078,0.82793922,0.18059749
16.491672,0.17103391,2.7755576e-17,0.82896609,0.18293309,0.99476184,0.17103391,0.82896609,0.18293309
16.511381,0.1723755,0,0.8276245,0.18014138,0.81786047,0.1723755,0.8276245,0.18014138
16.531091,0.17545021,-5.5511151e-17,0.82454979,0.17359776,0.94010934,0.17545021,0.82454979,0.17359776
16.550801,0.17852492,0,0.82147508,0.16705413,0.95128989,0.17852492,0.82147508,0.16705413
16.570511,0.18159964,5.5511151e-17,0.81840036,0.16051051,0.78695407,0.18159964,0.81840036,0.16051051
16.59022,0.18467435,0,0.81532565,0.15396689,0.80705698,0.18467435,0.81532565,0.15396689
16.60993,0.1875743,0,0.8124257,0.14772215,0.68720755,0.1875743,0.8124257,0.14772215
16.62964,0.19030213,2.7755576e-17,0.80969787,0.14177179,0.92243583,0.19030213,0.80969787,0.14177179
16.649349,0.19302995,5.5511151e-17,0.80697005,0.13582143,0.85747452,0.19302995,0.80697005,0.13582143
16.669059,0.19575777,5.5511151e-17,0.80424223,0.12987107,0.99939545,0.19575777,0.80424223,0.12987107
16.688769,0.1984856,-2.7755576e-17,0.8015144,0.12392071,0.68696035,0.1984856,0.8015144,0.12392071
16.708478,0.20061399,2.7755576e-17,0.79938601,0.1193269,0.9750193,0.20061399,0.79938601,0.1193269
16.728188,0.20194834,2.7755576e-17,0.79805166,0.1165301,0.74693242,0.20194834,0.79805166,0.1165301
16.747898,0.20328269,5.5511151e-17,0.79671731,0.11373329,0.99330213,0.20328269,0.79671731,0.11373329
16.767608,0.20461704,8.3266727e-17,0.79538296,0.11093648,0.9114682,0.20461704,0.79538296,0.11093648
16.787317,0.20595138,8.3266727e-17,0.79404862,0.10813967,0.84231857,0.20595138,0.79404862,0.10813967
16.807027,0.20727519,2.7755576e-17,0.79272481,0.10531237,0.99999993,0.20727519,0.79272481,0.10531237
16.826737,0.20857997,8.3266727e-17,0.79142003,0.10243002,0.84526274,0.20857997,0.79142003,0.10243002
16.846446,0.20988475,0,0.79011525,0.099547672,0.98559618,0.20988475,0.79011525,0.099547672
16.866156,0.21118954,5.5511151e-17,0.78881046,0.096665324,0.92229047,0.21118954,0.78881046,0.096665324
16.885866,0.21249432,0,0.78750568,0.093782976,0.99999878,0.21249432,0.78750568,0.093782976
16.905576,0.21368592,0,0.78631408,0.09120879,1,0.21368592,0.78631408,0.09120879
16.925285,0.21459059,2.7755576e-17,0.78540941,0.089415798,0.95036743,0.21459059,0.78540941,0.089415798
16.944995,0.21549527,-2.7755576e-17,0.78450473,0.087622805,0.81088738,0.21549527,0.78450473,0.087622805
16.964705,0.21639995,-5.5511151e-17,0.78360005,0.085829813,0.92708478,0.21639995,0.78360005,0.085829813
16.984414,0.21730462,0,0.78269538,0.084036821,0.96815224,0.21730462,0.78269538,0.084036821
17.004124,0.2180864,2.7755576e-17,0.7819136,0.082502493,0.47943332,0.2180864,0.7819136,0.082502493
17.023834,0.21840372,-2.7755576e-17,0.78159628,0.081945694,0.78730055,0.21840372,0.78159628,0.081945694
17.043544,0.21872105,-2.7755576e-17,0.78127895,0.081388895,0.7930159,0.21872105,0.78127895,0.081388895
17.063253,0.21903838,0,0.78096162,0.080832096,0.51829925,0.21903838,0.78096162,0.080832096
17.082963,0.2193557,5.5511151e-17,0.7806443,0.080275296,0.658869,0.2193557,0.7806443,0.080275296
17.102673,0.21966474,2.7755576e-17,0.78033526,0.079719459,0.99996588,0.21966474,0.78033526,0.079719459
17.122382,0.21992097,5.5511151e-17,0.78007903,0.079169755,0.85339751,0.21992097,0.78007903,0.079169755
17.142092,0.2201772,2.7755576e-17,0.7798228,0.078620052,0.4714573,0.2201772,0.7798228,0.078620052
17.161802,0.22043342,2.7755576e-17,0.77956658,0.078070348,0.74269668,0.22043342,0.77956658,0.078070348
17.181512,0.22068965,-5.5511151e-17,0.77931035,0.077520644,0.71838327,0.22068965,0.77931035,0.077520644
17.201221,0.22092915,-8.3266727e-17,0.77907085,0.077007271,0.99554118,0.22092915,0.77907085,0.077007271
17.220931,0.22091535,-8.3266727e-17,0.77908465,0.077043932,1,0.22091535,0.77908465,0.077043932
17.240641,0.22090155,0,0.77909845,0.077080592,0.91139127,0.22090155,0.77909845,0.077080592
17.26035,0.22088775,0,0.77911225,0.077117252,0.85307057,0.22088775,0.77911225,0.077117252
17.28006,0.22087396,0,0.77912604,0.077153912,0.61307574,0.22087396,0.77912604,0.077153912
17.29977,0.22086016,-2.7755576e-17,0.77913984,0.077190572,0.65710651,0.22086016,0.77913984,0.077190572
17.319479,0.2208152,-8.3266727e-17,0.7791848,0.077583901,0.67190735,0.2208152,0.7791848,0.077583901
17.339189,0.22076986,-2.7755576e-17,0.77923014,0.077981446,0.96250974,0.22076986,0.77923014,0.077981446
17.358899,0.22072453,2.7755576e-17,0.77927547,0.078378991,1,0.22072453,0.77927547,0.078378991
17.378609,0.2206792,-2.7755576e-17,0.7793208,0.078776536,0.95510277,0.2206792,0.7793208,0.078776536
17.398318,0.22063387,0,0.77936613,0.07917408,0.75745824,0.22063387,0.77936613,0.07917408
17.418028,0.22039564,5.5511151e-17,0.77960436,0.079621924,0.49675814,0.22039564,0.77960436,0.079621924
17.437738,0.22013941,-5.5511151e-17,0.77986059,0.080074458,0.44933137,0.22013941,0.77986059,0.080074458
17.457447,0.21988318,5.5511151e-17,0.78011682,0.080526993,0.54291425,0.21988318,0.78011682,0.080526993
17.477157,0.21962696,2.7755576e-17,0.78037304,0.080979528,0.56824449,0.21962696,0.78037304,0.080979528
17.496867,0.21937073,5.5511151e-17,0.78062927,0.081432063,0.92618726,0.21937073,0.78062927,0.081432063
17.516577,0.21929685,8.3266727e-17,0.78070315,0.08153218,0.80718049,0.21929685,0.78070315,0.08153218
17.536286,0.21925743,5.5511151e-17,0.78074257,0.081565687,0.87092672,0.21925743,0.78074257,0.081565687
17.555996,0.21921801,5.5511151e-17,0.78078199,0.081599193,0.9999416,0.21921801,0.78078199,0.081599193
17.575706,0.21917859,5.5511151e-17,0.78082141,0.0816327,0.99999523,0.21917859,0.78082141,0.0816327
17.595415,0.21913917,2.7755576e-17,0.78086083,0.081666206,0.95279404,0.21913917,0.78086083,0.081666206
17.615125,0.21930394,2.7755576e-17,0.78069606,0.081416873,0.99670545,0.21930394,0.78069606,0.081416873
17.634835,0.2195306,0,0.7804694,0.081081808,0.99999994,0.2195306,0.7804694,0.081081808
17.654545,0.21975726,0,0.78024274,0.080746743,0.91603877,0.21975726,0.78024274,0.080746743
17.674254,0.21998392,2.7755576e-17,0.78001608,0.080411678,0.66006173,0.21998392,0.78001608,0.080411678
17.693964,0.22021059,0,0.77978941,0.080076613,0.53972342,0.22021059,0.77978941,0.080076613
17.713674,0.2203511,2.7755576e-17,0.7796489,0.079771766,0.60988508,0.2203511,0.7796489,0.079771766
17.733383,0.22045359,2.7755576e-17,0.77954641,0.07948026,0.72491327,0.22045359,0.77954641,0.07948026
17.753093,0.22055608,2.7755576e-17,0.77944392,0.079188753,0.99999745,0.22055608,0.77944392,0.079188753
17.772803,0.22065857,5.5511151e-17,0.77934143,0.078897247,0.7704073,0.22065857,0.77934143,0.078897247
17.792513,0.22076107,2.7755576e-17,0.77923893,0.07860574,0.46652295,0.22076107,0.77923893,0.07860574
17.812222,0.22091,-5.5511151e-17,0.77909,0.078341,0.37541667,0.22091,0.77909,0.078341
17.831932,0.22108739,-5.5511151e-17,0.77891261,0.078092658,0.36118066,0.22108739,0.77891261,0.078092658
17.851642,0.22126477,2.7755576e-17,0.77873523,0.077844315,0.34487276,0.22126477,0.77873523,0.077844315
17.871351,0.22144216,0,0.77855784,0.077595973,0.34987573,0.22144216,0.77855784,0.077595973
17.891061,0.22161955,0,0.77838045,0.077347631,0.43615224,0.22161955,0.77838045,0.077347631
17.910771,0.22175709,-2.7755576e-17,0.77824291,0.077111567,0.31889545,0.22175709,0.77824291,0.077111567
17.93048,0.22186155,0,0.77813845,0.076885694,0.47378244,0.22186155,0.77813845,0.076885694
17.95019,0.22196601,2.7755576e-17,0.77803399,0.07665982,0.96720648,0.22196601,0.77803399,0.07665982
17.9699,0.22207047,2.7755576e-17,0.77792953,0.076433947,0.40280972,0.22207047,0.77792953,0.076433947
17.98961,0.22217493,5.5511151e-17,0.77782507,0.076208074,0.49824669,0.22217493,0.77782507,0.076208074
18.009319,0.22228126,2.7755576e-17,0.77771874,0.076008574,0.77883279,0.22228126,0.77771874,0.076008574
18.029029,0.22238966,5.5511151e-17,0.77761034,0.075838479,0.9999999,0.22238966,0.77761034,0.075838479
18.048739,0.22249806,2.7755576e-17,0.77750194,0.075668385,0.81811395,0.22249806,0.77750194,0.075668385
18.068448,0.22260647,-2.7755576e-17,0.77739353,0.07549829,0.49736367,0.22260647,0.77739353,0.07549829
18.088158,0.22271487,0,0.77728513,0.075328195,0.45069318,0.22271487,0.77728513,0.075328195
18.107868,0.22285868,-8.3266727e-17,0.77714132,0.075126157,0.90560409,0.22285868,0.77714132,0.075126157
18.127578,0.22305578,-2.7755576e-17,0.77694422,0.074876041,0.43886052,0.22305578,0.77694422,0.074876041
18.147287,0.22325287,0,0.77674713,0.074625924,0.54949301,0.22325287,0.77674713,0.074625924
18.166997,0.22344997,-5.5511151e-17,0.77655003,0.074375808,0.91830694,0.22344997,0.77655003,0.074375808
18.186707,0.22364707,0,0.77635293,0.074125692,0.99959599,0.22364707,0.77635293,0.074125692
18.206416,0.22380246,-5.5511151e-17,0.77619754,0.073906631,0.72207764,0.22380246,0.77619754,0.073906631
18.226126,0.22387144,0,0.77612856,0.07375191,0.69267384,0.22387144,0.77612856,0.07375191
18.245836,0.22394043,5.5511151e-17,0.77605957,0.073597189,0.99156638,0.22394043,0.77605957,0.073597189
18.265546,0.22400941,-2.7755576e-17,0.77599059,0.073442467,0.97550716,0.22400941,0.77599059,0.073442467
18.285255,0.22407839,2.7755576e-17,0.77592161,0.073287746,0.97873443,0.22407839,0.77592161,0.073287746
18.304965,0.22416922,1.110223e-16,0.77583078,0.073111229,1,0.22416922,0.77583078,0.073111229
18.324675,0.22432493,8.3266727e-17,0.77567507,0.072869982,0.99983774,0.22432493,0.77567507,0.072869982
18.344384,0.22448064,0,0.77551936,0.072628735,0.99999936,0.22448064,0.77551936,0.072628735
18.364094,0.22463634,2.7755576e-17,0.77536366,0.072387488,0.92358896,0.22463634,0.77536366,0.072387488
18.383804,0.22479205,2.7755576e-17,0.77520795,0.072146241,0.66730858,0.22479205,0.77520795,0.072146241
18.403514,0.22493159,-5.5511151e-17,0.77506841,0.071915957,0.59271481,0.22493159,0.77506841,0.071915957
18.423223,0.22499664,-2.7755576e-17,0.77500336,0.071736204,0.47994937,0.22499664,0.77500336,0.071736204
18.442933,0.22506168,-2.7755576e-17,0.77493832,0.071556452,0.50402716,0.22506168,0.77493832,0.071556452
18.462643,0.22512672,-2.7755576e-17,0.77487328,0.071376699,0.70564147,0.22512672,0.77487328,0.071376699
18.482352,0.22519176,0,0.77480824,0.071196947,0.99998095,0.22519176,0.77480824,0.071196947
18.502062,0.2252601,-8.3266727e-17,0.7747399,0.07102437,0.69795797,0.2252601,0.7747399,0.07102437
18.521772,0.22535668,-2.7755576e-17,0.77464332,0.070913207,0.45989074,0.22535668,0.77464332,0.070913207
18.541481,0.22545326,-5.5511151e-17,0.77454674,0.070802044,0.4326593,0.22545326,0.77454674,0.070802044
18.561191,0.22554984,0,0.77445016,0.070690882,0.40150543,0.22554984,0.77445016,0.070690882
18.580901,0.22564641,5.5511151e-17,0.77435359,0.070579719,0.52650862,0.22564641,0.77435359,0.070579719
18.600611,0.22574537,8.3266727e-17,0.77425463,0.070467579,0.54466126,0.22574537,0.77425463,0.070467579
18.62032,0.22591882,0,0.77408118,0.070324881,0.85028103,0.22591882,0.77408118,0.070324881
18.64003,0.22609226,8.3266727e-17,0.77390774,0.070182183,0.99995372,0.22609226,0.77390774,0.070182183
18.65974,0.22626571,2.7755576e-17,0.77373429,0.070039484,0.99806213,0.22626571,0.77373429,0.070039484
18.679449,0.22643916,8.3266727e-17,0.77356084,0.069896786,0.7482722,0.22643916,0.77356084,0.069896786
18.699159,0.2266126,2.7755576e-17,0.7733874,0.069754088,0.67313992,0.2266126,0.7733874,0.069754088
18.718869,0.22660679,1.110223e-16,0.77339321,0.069680638,0.91255883,0.22660679,0.77339321,0.069680638
18.738579,0.22659299,8.3266727e-17,0.77340701,0.069610274,0.44051396,0.22659299,0.77340701,0.069610274
18.758288,0.2265792,8.3266727e-17,0.7734208,0.069539911,0.57310864,0.2265792,0.7734208,0.069539911
18.777998,0.2265654,5.5511151e-17,0.7734346,0.069469547,0.81925139,0.2265654,0.7734346,0.069469547
18.797708,0.2265516,5.5511151e-17,0.7734484,0.069399183,0.40104063,0.2265516,0.7734484,0.069399183
18.817417,0.22655174,0,0.77344826,0.069329517,0.39288598,0.22655174,0.77344826,0.069329517
18.837127,0.22655371,2.7755576e-17,0.77344629,0.069259941,0.39814669,0.22655371,0.77344629,0.069259941
18.856837,0.22655568,2.7755576e-17,0.77344432,0.069190366,0.43172047,0.22655568,0.77344432,0.069190366
18.876547,0.22655765,-5.5511151e-17,0.77344235,0.069120791,0.47976946,0.22655765,0.77344235,0.069120791
18.896256,0.22655963,-5.5511151e-17,0.77344037,0.069051215,0.54618012,0.22655963,0.77344037,0.069051215
18.915966,0.22671168,-2.7755576e-17,0.77328832,0.068942683,0.80202369,0.22671168,0.77328832,0.068942683
18.935676,0.22689892,-2.7755576e-17,0.77310108,0.068825016,0.69749497,0.22689892,0.77310108,0.068825016
18.955385,0.22708616,-5.5511151e-17,0.77291384,0.068707349,0.87649172,0.22708616,0.77291384,0.068707349
18.975095,0.2272734,0,0.7727266,0.068589682,0.9814375,0.2272734,0.7727266,0.068589682
18.994805,0.22746065,-2.7755576e-17,0.77253935,0.068472015,0.99999938,0.22746065,0.77253935,0.068472015
19.014515,0.22757677,0,0.77242323,0.068357542,1,0.22757677,0.77242323,0.068357542
19.034224,0.22766743,0,0.77233257,0.068244211,0.9999654,0.22766743,0.77233257,0.068244211
19.053934,0.2277581,0,0.7722419,0.06813088,0.96935968,0.2277581,0.7722419,0.06813088
19.073644,0.22784876,2.7755576e-17,0.77215124,0.068017549,0.86072152,0.22784876,0.77215124,0.068017549
19.093353,0.22793943,2.7755576e-17,0.77206057,0.067904218,0.75405428,0.22793943,0.77206057,0.067904218
19.113063,0.22793604,2.7755576e-17,0.77206396,0.067817536,0.73982504,0.22793604,0.77206396,0.067817536
19.132773,0.22788479,2.7755576e-17,0.77211521,0.067744413,0.6858409,0.22788479,0.77211521,0.067744413
19.152482,0.22783355,2.7755576e-17,0.77216645,0.06767129,0.66181652,0.22783355,0.77216645,0.06767129
19.172192,0.2277823,2.7755576e-17,0.7722177,0.067598167,0.72317252,0.2277823,0.7722177,0.067598167
19.191902,0.22773106,-8.3266727e-17,0.77226894,0.067525044,0.83897568,0.22773106,0.77226894,0.067525044
19.211612,0.22777503,0,0.77222497,0.067426027,0.96988039,0.22777503,0.77222497,0.067426027
19.231321,0.2278854,-5.5511151e-17,0.7721146,0.067308951,0.99999998,0.2278854,0.7721146,0.067308951
19.251031,0.22799577,2.7755576e-17,0.77200423,0.067191876,1,0.22799577,0.77200423,0.067191876
19.270741,0.22810615,-2.7755576e-17,0.77189385,0.0670748,0.99884333,0.22810615,0.77189385,0.0670748
19.29045,0.22821652,-8.3266727e-17,0.77178348,0.066957724,0.99954372,0.22821652,0.77178348,0.066957724
19.31016,0.22829946,0,0.77170054,0.066843798,1,0.22829946,0.77170054,0.066843798
19.32987,0.22835662,-5.5511151e-17,0.77164338,0.066732833,1,0.22835662,0.77164338,0.066732833
19.34958,0.22841378,0,0.77158622,0.066621867,1,0.22841378,0.77158622,0.066621867
19.369289,0.22847094,-5.5511151e-17,0.77152906,0.066510901,0.99997421,0.22847094,0.77152906,0.066510901
19.388999,0.2285281,0,0.7714719,0.066399936,0.9746957,0.2285281,0.7714719,0.066399936
19.408709,0.22857742,0,0.77142258,0.066294282,0.92782432,0.22857742,0.77142258,0.066294282
19.428418,0.22861684,2.7755576e-17,0.77138316,0.06619534,0.97490432,0.22861684,0.77138316,0.06619534
19.448128,0.22865626,-8.3266727e-17,0.77134374,0.066096397,0.88683196,0.22865626,0.77134374,0.066096397
19.467838,0.22869568,-5.5511151e-17,0.77130432,0.065997454,0.63058154,0.22869568,0.77130432,0.065997454
19.487548,0.2287351,-5.5511151e-17,0.7712649,0.065898511,0.58986117,0.2287351,0.7712649,0.065898511
19.507257,0.2288304,-5.5511151e-17,0.7711696,0.065786143,0.60515318,0.2288304,0.7711696,0.065786143
19.526967,0.22902158,2.7755576e-17,0.77097842,0.065650737,0.90833247,0.22902158,0.77097842,0.065650737
19.546677,0.22921276,2.7755576e-17,0.77078724,0.065515331,0.77852445,0.22921276,0.77078724,0.065515331
19.566386,0.22940395,2.7755576e-17,0.77059605,0.065379926,0.83575236,0.22940395,0.77059605,0.065379926
19.586096,0.22959513,0,0.77040487,0.06524452,0.99999995,0.22959513,0.77040487,0.06524452
19.605806,0.22972419,2.7755576e-17,0.77027581,0.065121539,0.86435226,0.22972419,0.77027581,0.065121539
19.625516,0.22970448,-2.7755576e-17,0.77029552,0.065028312,0.76174653,0.22970448,0.77029552,0.065028312
19.645225,0.22968477,0,0.77031523,0.064935085,0.81489475,0.22968477,0.77031523,0.064935085
19.664935,0.22966507,-5.5511151e-17,0.77033493,0.064841858,0.91396137,0.22966507,0.77033493,0.064841858
19.684645,0.22964536,0,0.77035464,0.064748631,0.99443726,0.22964536,0.77035464,0.064748631
19.704354,0.22967093,0,0.77032907,0.06464639,0.99999986,0.22967093,0.77032907,0.06464639
19.724064,0.2298562,-2.7755576e-17,0.7701438,0.064512364,1,0.2298562,0.7701438,0.064512364
19.743774,0.23004147,2.7755576e-17,0.76995853,0.064378338,1,0.23004147,0.76995853,0.064378338
19.763483,0.23022674,5.5511151e-17,0.76977326,0.064244312,0.9975051,0.23022674,0.76977326,0.064244312
19.783193,0.23041202,2.7755576e-17,0.76958798,0.064110286,0.96366984,0.23041202,0.76958798,0.064110286
19.802903,0.23057174,2.7755576e-17,0.76942826,0.063982095,0.92268662,0.23057174,0.76942826,0.063982095
19.822613,0.23058357,2.7755576e-17,0.76941643,0.063887686,0.9994739,0.23058357,0.76941643,0.063887686
19.842322,0.23059539,2.7755576e-17,0.76940461,0.063793276,0.9672005,0.23059539,0.76940461,0.063793276
19.862032,0.23060722,0,0.76939278,0.063698867,0.97920331,0.23060722,0.76939278,0.063698867
19.881742,0.23061905,0,0.76938095,0.063604457,0.99981223,0.23061905,0.76938095,0.063604457
19.901451,0.23063958,0,0.76936042,0.063508146,1,0.23063958,0.76936042,0.063508146
19.921161,0.23076966,2.7755576e-17,0.76923034,0.063387917,1,0.23076966,0.76923034,0.063387917
19.940871,0.23089975,5.5511151e-17,0.76910025,0.063267688,0.99994117,0.23089975,0.76910025,0.063267688
19.960581,0.23102983,-2.7755576e-17,0.76897017,0.063147458,0.97872467,0.23102983,0.76897017,0.063147458
19.98029,0.23115992,0,0.76884008,0.063027229,0.90918491,0.23115992,0.76884008,0.063027229
20,0.23129,0,0.76871,0.062907,0.807265,0.23129,0.76871,0.062907
